['36345', 'NIFTY-Apr2024-20050-CE', '2024-04-18 14:30:00', '20050', 'CE', [2037.0, 2037.0, 2037.0, 2037.0, 2037.0, 2037.0, 2037.0, 2037.0, 2037.0, 2037.0, 2037.0, 2037.0, 2037.0, 2037.0, 2037.0, 2037.0, 2037.0, 2037.0, 2037.0, 2037.0, 2037.0, 2037.0, 2037.0, 2037.0]]
['36347', 'NIFTY-Apr2024-20050-PE', '2024-04-18 14:30:00', '20050', 'PE', [0.4, 0.35, 0.25, 0.3, 0.25, 0.25, 0.3, 0.3, 0.3, 0.25, 0.25, 0.25, 0.3, 0.2, 0.2, 0.2, 0.2, 0.25, 0.25, 0.25, 0.2, 0.2, 0.25, 0.2]]
['36515', 'NIFTY-Apr2024-20100-CE', '2024-04-18 14:30:00', '20100', 'CE', [2028.0, 2028.0, 2028.0, 2030.65, 2028.66, 2028.66, 2028.66, 2028.66, 2028.66, 2028.66, 2028.66, 2028.66, 2028.66, 2028.66, 2028.66, 2028.66, 2028.66, 2028.66, 2028.66, 2028.66, 2028.66, 2028.66, 2028.66, 2028.66]]
['36516', 'NIFTY-Apr2024-20100-PE', '2024-04-18 14:30:00', '20100', 'PE', [0.45, 0.4, 0.4, 0.4, 0.4, 0.35, 0.35, 0.4, 0.35, 0.35, 0.35, 0.3, 0.3, 0.3, 0.25, 0.25, 0.3, 0.3, 0.25, 0.25, 0.2, 0.2, 0.25, 0.2]]
['36519', 'NIFTY-Apr2024-20150-PE', '2024-04-18 14:30:00', '20150', 'PE', [0.45, 0.4, 0.4, 0.35, 0.4, 0.35, 0.35, 0.35, 0.35, 0.3, 0.3, 0.3, 0.25, 0.25, 0.25, 0.3, 0.3, 0.3, 0.25, 0.25, 0.25, 0.2, 0.4, 0.25]]
['36520', 'NIFTY-Apr2024-20200-CE', '2024-04-18 14:30:00', '20200', 'CE', [1945.0, 1945.0, 1945.0, 1945.0, 1945.0, 1945.0, 1945.0, 1945.0, 1945.0, 1945.0, 1945.0, 1945.0, 1945.0, 1945.0, 1945.0, 1945.0, 1945.0, 1945.0, 1945.0, 1945.0, 1945.0, 1945.0, 1945.0, 1945.0]]
['36521', 'NIFTY-Apr2024-20200-PE', '2024-04-18 14:30:00', '20200', 'PE', [0.4, 0.4, 0.4, 0.35, 0.4, 0.4, 0.35, 0.35, 0.35, 0.3, 0.3, 0.3, 0.35, 0.3, 0.25, 0.25, 0.3, 0.3, 0.25, 0.25, 0.2, 0.25, 0.25, 0.2]]
['36523', 'NIFTY-Apr2024-20250-PE', '2024-04-18 14:30:00', '20250', 'PE', [0.6, 0.5, 0.45, 0.45, 0.55, 0.4, 0.45, 0.4, 0.45, 0.35, 0.35, 0.3, 0.25, 0.25, 0.3, 0.25, 0.25, 0.3, 0.25, 0.25, 0.25, 0.25, 0.25, 0.3]]
['36526', 'NIFTY-Apr2024-20300-PE', '2024-04-18 14:30:00', '20300', 'PE', [0.55, 0.5, 0.4, 0.4, 0.4, 0.4, 0.4, 0.35, 0.4, 0.35, 0.35, 0.35, 0.3, 0.3, 0.3, 0.3, 0.3, 0.3, 0.25, 0.25, 0.2, 0.2, 0.25, 0.25]]
['38168', 'NIFTY-Apr2024-20350-PE', '2024-04-18 14:30:00', '20350', 'PE', [0.6, 0.5, 0.45, 0.4, 0.4, 0.4, 0.5, 0.45, 0.4, 0.35, 0.35, 0.35, 0.35, 0.3, 0.3, 0.3, 0.3, 0.35, 0.3, 0.3, 0.25, 0.25, 0.3, 0.3]]
['38173', 'NIFTY-Apr2024-20400-CE', '2024-04-18 14:30:00', '20400', 'CE', [1800.0, 1795.0, 1799.0, 1799.0, 1799.0, 1799.0, 1799.0, 1799.0, 1799.0, 1799.0, 1799.0, 1799.0, 1799.0, 1799.0, 1799.0, 1799.0, 1799.0, 1799.0, 1798.83, 1798.83, 1798.83, 1798.83, 1798.83, 1798.83]]
['38174', 'NIFTY-Apr2024-20400-PE', '2024-04-18 14:30:00', '20400', 'PE', [0.8, 0.75, 0.65, 0.55, 0.55, 0.55, 0.55, 0.55, 0.55, 0.55, 0.55, 0.55, 0.5, 0.45, 0.4, 0.4, 0.4, 0.4, 0.35, 0.35, 0.3, 0.3, 0.3, 0.3]]
['38176', 'NIFTY-Apr2024-20450-PE', '2024-04-18 14:30:00', '20450', 'PE', [0.8, 0.7, 0.55, 0.5, 0.55, 0.55, 0.55, 0.6, 0.65, 0.6, 0.6, 0.5, 0.5, 0.5, 0.5, 0.5, 0.45, 0.5, 0.45, 0.45, 0.4, 0.4, 0.45, 0.3]]
['38181', 'NIFTY-Apr2024-20500-CE', '2024-04-18 14:30:00', '20500', 'CE', [1689.8, 1689.8, 1689.8, 1685.3, 1686.0, 1686.0, 1680.3, 1688.85, 1688.85, 1633.9, 1633.9, 1635.0, 1635.0, 1635.0, 1635.0, 1635.0, 1635.0, 1635.0, 1635.0, 1623.55, 1610.0, 1671.85, 1662.25, 1656.53]]
['38182', 'NIFTY-Apr2024-20500-PE', '2024-04-18 14:30:00', '20500', 'PE', [0.9, 0.75, 0.7, 0.7, 0.7, 0.65, 0.7, 0.65, 0.65, 0.65, 0.6, 0.6, 0.65, 0.55, 0.55, 0.5, 0.55, 0.55, 0.5, 0.5, 0.4, 0.35, 0.4, 0.3]]
['38184', 'NIFTY-Apr2024-20550-PE', '2024-04-18 14:30:00', '20550', 'PE', [0.8, 0.75, 0.65, 0.65, 0.65, 0.6, 0.6, 0.65, 0.6, 0.65, 0.55, 0.55, 0.5, 0.45, 0.45, 0.5, 0.55, 0.55, 0.4, 0.45, 0.4, 0.35, 0.4, 0.3]]
['38185', 'NIFTY-Apr2024-20600-CE', '2024-04-18 14:30:00', '20600', 'CE', [1570.0, 1570.0, 1570.0, 1570.0, 1570.0, 1570.0, 1570.0, 1570.0, 1570.0, 1570.0, 1570.0, 1570.0, 1570.0, 1570.0, 1570.0, 1570.0, 1570.0, 1570.0, 1570.0, 1570.0, 1570.0, 1570.0, 1570.0, 1570.0]]
['38186', 'NIFTY-Apr2024-20600-PE', '2024-04-18 14:30:00', '20600', 'PE', [0.95, 0.95, 0.8, 0.7, 0.75, 0.7, 0.7, 0.7, 0.7, 0.8, 0.7, 0.7, 0.7, 0.6, 0.6, 0.55, 0.65, 0.6, 0.55, 0.55, 0.45, 0.4, 0.4, 0.35]]
['38966', 'NIFTY-Apr2024-20650-CE', '2024-04-18 14:30:00', '20650', 'CE', [1508.0, 1508.0, 1508.0, 1508.0, 1508.0, 1508.0, 1508.0, 1508.0, 1508.0, 1497.0, 1497.0, 1475.0, 1518.0, 1518.0, 1505.5, 1505.5, 1505.5, 1505.5, 1505.5, 1505.5, 1505.5, 1505.5, 1505.5, 1505.5]]
['38971', 'NIFTY-Apr2024-20650-PE', '2024-04-18 14:30:00', '20650', 'PE', [1.05, 0.9, 0.8, 0.8, 0.75, 0.75, 0.75, 0.85, 0.85, 0.85, 0.7, 0.65, 0.7, 0.65, 0.6, 0.7, 0.7, 0.7, 0.6, 0.6, 0.6, 0.4, 0.5, 0.35]]
['38972', 'NIFTY-Apr2024-20700-CE', '2024-04-18 14:30:00', '20700', 'CE', [1487.85, 1487.85, 1487.85, 1487.85, 1487.85, 1487.85, 1487.85, 1487.85, 1487.85, 1487.85, 1455.0, 1455.0, 1455.0, 1455.0, 1455.0, 1455.0, 1455.0, 1455.0, 1455.0, 1455.0, 1455.0, 1455.0, 1472.0, 1470.02]]
['38973', 'NIFTY-Apr2024-20700-PE', '2024-04-18 14:30:00', '20700', 'PE', [1.05, 1.0, 0.8, 0.75, 0.75, 0.75, 0.7, 0.75, 0.8, 0.8, 0.7, 0.65, 0.65, 0.6, 0.6, 0.6, 0.65, 0.7, 0.6, 0.65, 0.5, 0.4, 0.5, 0.35]]
['38974', 'NIFTY-Apr2024-20750-CE', '2024-04-18 14:30:00', '20750', 'CE', [1418.0, 1405.0, 1405.0, 1405.0, 1405.0, 1405.0, 1405.0, 1405.0, 1405.0, 1405.0, 1405.0, 1405.0, 1405.0, 1405.0, 1405.93, 1405.93, 1405.93, 1405.93, 1405.93, 1405.93, 1405.93, 1405.93, 1405.93, 1405.93]]
['38975', 'NIFTY-Apr2024-20750-PE', '2024-04-18 14:30:00', '20750', 'PE', [1.05, 1.0, 0.8, 0.8, 0.8, 0.7, 0.75, 0.9, 0.85, 0.9, 0.7, 0.7, 0.7, 0.7, 0.6, 0.7, 0.75, 0.7, 0.6, 0.65, 0.55, 0.4, 0.5, 0.4]]
['38976', 'NIFTY-Apr2024-20800-CE', '2024-04-18 14:30:00', '20800', 'CE', [1347.0, 1347.0, 1347.0, 1347.0, 1347.0, 1347.0, 1347.0, 1347.0, 1347.0, 1347.0, 1347.0, 1347.0, 1347.0, 1347.0, 1347.0, 1347.0, 1347.0, 1347.0, 1347.0, 1347.0, 1347.0, 1347.0, 1347.0, 1347.0]]
['38977', 'NIFTY-Apr2024-20800-PE', '2024-04-18 14:30:00', '20800', 'PE', [1.15, 1.0, 0.8, 0.75, 0.8, 0.8, 0.7, 0.8, 0.85, 0.85, 0.7, 0.7, 0.65, 0.6, 0.6, 0.65, 0.7, 0.7, 0.65, 0.75, 0.55, 0.4, 0.5, 0.35]]
['38978', 'NIFTY-Apr2024-20850-CE', '2024-04-18 14:30:00', '20850', 'CE', [1271.0, 1271.0, 1271.0, 1271.0, 1271.0, 1271.0, 1271.0, 1271.0, 1271.0, 1271.0, 1271.0, 1271.0, 1271.0, 1271.0, 1271.0, 1271.0, 1271.0, 1271.0, 1271.0, 1271.0, 1271.0, 1271.0, 1271.0, 1271.0]]
['38979', 'NIFTY-Apr2024-20850-PE', '2024-04-18 14:30:00', '20850', 'PE', [1.15, 1.05, 0.9, 0.95, 0.9, 0.85, 0.85, 0.95, 0.9, 1.0, 0.75, 0.8, 0.75, 0.75, 0.55, 0.7, 0.75, 0.75, 0.65, 0.65, 0.55, 0.4, 0.45, 0.45]]
['38983', 'NIFTY-Apr2024-20900-PE', '2024-04-18 14:30:00', '20900', 'PE', [1.2, 1.05, 0.95, 0.85, 0.9, 0.8, 0.8, 0.9, 0.9, 0.95, 0.75, 0.75, 0.7, 0.7, 0.7, 0.7, 0.8, 0.8, 0.7, 0.65, 0.6, 0.45, 0.5, 0.45]]
['39762', 'NIFTY-Apr2024-20950-PE', '2024-04-18 14:30:00', '20950', 'PE', [1.25, 1.05, 0.85, 0.85, 0.9, 0.85, 0.9, 1.0, 1.0, 1.0, 0.8, 0.8, 0.75, 0.75, 0.7, 0.85, 0.85, 0.85, 0.75, 0.75, 0.55, 0.45, 0.5, 0.5]]
['39775', 'NIFTY-Apr2024-21000-CE', '2024-04-18 14:30:00', '21000', 'CE', [1192.0, 1173.3, 1205.0, 1165.5, 1165.5, 1165.5, 1190.4, 1185.0, 1185.0, 1160.0, 1150.0, 1135.0, 1120.0, 1137.85, 1100.0, 1090.0, 1130.0, 1128.0, 1145.0, 1115.0, 1126.0, 1123.2, 1166.15, 1180.85]]
['39776', 'NIFTY-Apr2024-21000-PE', '2024-04-18 14:30:00', '21000', 'PE', [1.4, 1.3, 1.1, 0.95, 0.9, 1.0, 1.05, 1.1, 1.0, 1.05, 0.95, 0.95, 0.9, 0.85, 0.95, 1.0, 1.0, 0.9, 0.95, 0.75, 0.6, 0.55, 0.6, 0.7]]
['39777', 'NIFTY-Apr2024-21050-CE', '2024-04-18 14:30:00', '21050', 'CE', [1132.15, 1132.15, 1132.15, 1132.15, 1132.15, 1132.15, 1132.15, 1132.15, 1132.15, 1132.15, 1132.15, 1132.15, 1132.15, 1132.15, 1132.15, 1132.15, 1132.15, 1132.15, 1132.15, 1132.15, 1132.15, 1132.15, 1132.15, 1132.15]]
['39778', 'NIFTY-Apr2024-21050-PE', '2024-04-18 14:30:00', '21050', 'PE', [1.35, 1.2, 1.0, 1.05, 1.0, 0.95, 1.05, 1.1, 1.1, 1.15, 1.0, 1.0, 1.0, 0.95, 0.9, 1.05, 1.05, 1.05, 0.95, 0.95, 0.75, 0.75, 0.7, 0.6]]
['39997', 'NIFTY-Apr2024-21100-CE', '2024-04-18 14:30:00', '21100', 'CE', [1074.0, 1074.0, 1074.0, 1074.0, 1082.3, 1082.3, 1082.3, 1082.3, 1082.3, 1082.3, 1082.3, 1019.75, 1025.0, 1015.4, 989.95, 1028.4, 1028.4, 1041.75, 1030.05, 1024.5, 1017.45, 1045.05, 1076.95, 1052.82]]
['39998', 'NIFTY-Apr2024-21100-PE', '2024-04-18 14:30:00', '21100', 'PE', [1.6, 1.35, 1.25, 1.15, 1.2, 1.1, 1.15, 1.15, 1.2, 1.3, 1.1, 1.15, 1.15, 1.1, 1.05, 1.2, 1.2, 1.1, 1.1, 1.05, 0.8, 0.75, 0.7, 0.9]]
['40010', 'NIFTY-Apr2024-21150-CE', '2024-04-18 14:30:00', '21150', 'CE', [1025.0, 1025.0, 1025.0, 1025.0, 1025.0, 1025.0, 1025.0, 1025.0, 1025.0, 1025.0, 980.0, 976.0, 989.9, 1015.07, 1015.07, 1015.07, 1015.07, 1015.07, 1015.07, 1015.07, 1015.07, 1015.07, 1015.07, 1015.07]]
['40011', 'NIFTY-Apr2024-21150-PE', '2024-04-18 14:30:00', '21150', 'PE', [1.65, 1.35, 1.15, 1.25, 1.2, 1.1, 1.15, 1.15, 1.25, 1.3, 1.1, 1.15, 1.15, 1.1, 1.05, 1.2, 1.25, 1.15, 1.05, 1.05, 0.85, 0.75, 0.75, 1.0]]
['40378', 'NIFTY-Apr2024-21200-CE', '2024-04-18 14:30:00', '21200', 'CE', [987.7, 998.95, 998.95, 968.45, 968.45, 968.45, 968.45, 968.45, 992.0, 975.0, 975.0, 953.0, 953.0, 953.0, 953.0, 953.0, 953.0, 953.0, 953.0, 953.0, 929.25, 929.25, 929.25, 962.37]]
['40379', 'NIFTY-Apr2024-21200-PE', '2024-04-18 14:30:00', '21200', 'PE', [1.7, 1.5, 1.3, 1.3, 1.2, 1.15, 1.25, 1.25, 1.25, 1.4, 1.2, 1.2, 1.2, 1.1, 1.1, 1.35, 1.35, 1.2, 1.1, 1.1, 0.9, 0.95, 0.8, 0.9]]
['40380', 'NIFTY-Apr2024-21250-CE', '2024-04-18 14:30:00', '21250', 'CE', [894.0, 894.0, 894.0, 894.0, 894.0, 894.0, 894.0, 894.0, 894.0, 894.0, 867.65, 867.65, 889.61, 889.61, 889.61, 889.61, 889.61, 889.61, 889.61, 889.61, 889.61, 889.61, 889.61, 889.61]]
['40381', 'NIFTY-Apr2024-21250-PE', '2024-04-18 14:30:00', '21250', 'PE', [1.85, 1.5, 1.3, 1.3, 1.25, 1.2, 1.2, 1.2, 1.25, 1.4, 1.2, 1.2, 1.2, 1.15, 1.15, 1.35, 1.35, 1.35, 1.15, 1.1, 0.9, 0.95, 0.8, 1.15]]
['40389', 'NIFTY-Apr2024-21300-CE', '2024-04-18 14:30:00', '21300', 'CE', [885.0, 885.0, 885.0, 885.0, 885.0, 885.0, 885.0, 885.0, 885.0, 788.9, 788.9, 788.9, 788.9, 788.9, 788.9, 820.4, 820.4, 843.48, 843.48, 843.48, 843.48, 843.48, 843.48, 843.48]]
['40391', 'NIFTY-Apr2024-21300-PE', '2024-04-18 14:30:00', '21300', 'PE', [1.95, 1.55, 1.4, 1.4, 1.35, 1.25, 1.35, 1.3, 1.4, 1.5, 1.3, 1.35, 1.4, 1.25, 1.3, 1.5, 1.5, 1.45, 1.35, 1.35, 1.0, 1.05, 0.95, 0.9]]
['40392', 'NIFTY-Apr2024-21350-CE', '2024-04-18 14:30:00', '21350', 'CE', [801.75, 801.75, 801.75, 836.45, 836.45, 823.2, 823.2, 823.2, 823.2, 775.0, 775.0, 775.0, 749.7, 749.7, 749.7, 749.7, 749.7, 749.7, 749.7, 749.7, 784.68, 784.68, 784.68, 784.68]]
['40393', 'NIFTY-Apr2024-21350-PE', '2024-04-18 14:30:00', '21350', 'PE', [2.15, 1.65, 1.45, 1.5, 1.45, 1.35, 1.45, 1.4, 1.4, 1.55, 1.35, 1.35, 1.35, 1.3, 1.3, 1.6, 1.55, 1.5, 1.35, 1.4, 1.05, 1.05, 1.05, 1.6]]
['40488', 'NIFTY-Apr2024-21400-CE', '2024-04-18 14:30:00', '21400', 'CE', [775.0, 782.0, 781.9, 795.0, 795.0, 795.0, 790.75, 790.75, 758.7, 754.8, 748.9, 741.95, 741.95, 741.95, 741.95, 704.4, 726.4, 739.15, 731.5, 736.9, 723.7, 723.7, 755.52, 755.52]]
['40489', 'NIFTY-Apr2024-21400-PE', '2024-04-18 14:30:00', '21400', 'PE', [2.5, 1.9, 1.65, 1.65, 1.6, 1.65, 1.65, 1.65, 1.7, 1.75, 1.5, 1.55, 1.65, 1.5, 1.6, 1.8, 1.75, 1.85, 1.55, 1.65, 1.35, 1.25, 1.25, 1.4]]
['40493', 'NIFTY-Apr2024-21450-CE', '2024-04-18 14:30:00', '21450', 'CE', [736.15, 736.15, 736.15, 736.15, 736.15, 736.15, 736.15, 736.15, 736.15, 736.15, 736.15, 736.15, 686.25, 686.25, 686.25, 650.9, 686.1, 686.1, 686.1, 686.1, 686.1, 686.1, 686.1, 710.7]]
['40495', 'NIFTY-Apr2024-21450-PE', '2024-04-18 14:30:00', '21450', 'PE', [2.9, 2.15, 1.9, 1.85, 1.9, 1.8, 1.85, 1.75, 1.8, 1.95, 1.65, 1.8, 1.9, 1.75, 1.9, 2.2, 2.05, 2.1, 1.7, 1.85, 1.5, 1.45, 1.6, 1.85]]
['40531', 'NIFTY-Apr2024-21500-CE', '2024-04-18 14:30:00', '21500', 'CE', [695.0, 692.2, 690.2, 684.25, 696.6, 693.85, 687.0, 685.45, 688.0, 660.0, 665.0, 634.6, 623.7, 637.75, 608.0, 602.0, 622.4, 630.1, 644.25, 621.0, 628.35, 624.05, 672.0, 677.0]]
['40534', 'NIFTY-Apr2024-21500-PE', '2024-04-18 14:30:00', '21500', 'PE', [3.35, 2.55, 2.2, 2.2, 2.2, 2.1, 2.15, 2.1, 2.1, 2.2, 1.95, 2.15, 2.35, 2.1, 2.4, 2.65, 2.45, 2.5, 2.0, 2.25, 1.8, 1.8, 2.05, 1.75]]
['40535', 'NIFTY-Apr2024-21550-CE', '2024-04-18 14:30:00', '21550', 'CE', [637.8, 637.8, 667.25, 620.2, 651.0, 651.0, 629.75, 629.75, 629.75, 629.2, 602.65, 602.65, 585.0, 585.0, 585.0, 544.05, 582.4, 588.8, 588.8, 572.25, 584.2, 584.2, 625.5, 609.3]]
['40541', 'NIFTY-Apr2024-21550-PE', '2024-04-18 14:30:00', '21550', 'PE', [4.0, 3.1, 2.65, 2.6, 2.7, 2.6, 2.5, 2.35, 2.35, 2.5, 2.15, 2.55, 2.7, 2.45, 2.95, 3.3, 3.0, 3.0, 2.3, 2.6, 2.15, 2.3, 2.45, 2.55]]
['40574', 'NIFTY-Apr2024-21600-CE', '2024-04-18 14:30:00', '21600', 'CE', [583.8, 587.25, 586.7, 605.0, 587.0, 595.0, 592.25, 592.25, 580.7, 562.05, 560.3, 550.0, 528.5, 516.7, 486.75, 506.3, 530.4, 542.7, 545.75, 533.6, 526.0, 527.9, 573.15, 556.52]]
['40577', 'NIFTY-Apr2024-21600-PE', '2024-04-18 14:30:00', '21600', 'PE', [4.7, 3.75, 3.25, 3.2, 3.4, 3.15, 3.0, 2.85, 2.85, 3.05, 2.7, 3.15, 3.4, 3.05, 3.7, 4.2, 3.8, 3.75, 2.75, 3.15, 2.7, 3.1, 3.1, 2.05]]
['40580', 'NIFTY-Apr2024-21650-CE', '2024-04-18 14:30:00', '21650', 'CE', [524.15, 543.0, 555.0, 539.7, 550.8, 550.8, 550.8, 544.1, 532.95, 525.6, 517.65, 500.9, 480.0, 484.55, 447.1, 448.0, 472.0, 482.0, 490.0, 490.0, 492.95, 469.1, 528.3, 509.54]]
['40586', 'NIFTY-Apr2024-21650-PE', '2024-04-18 14:30:00', '21650', 'PE', [5.7, 4.6, 4.0, 4.0, 4.15, 3.8, 3.6, 3.35, 3.35, 3.65, 3.25, 4.05, 4.4, 3.85, 4.9, 5.5, 4.9, 4.85, 3.55, 4.1, 3.65, 4.2, 4.05, 4.05]]
['40603', 'NIFTY-Apr2024-21700-CE', '2024-04-18 14:30:00', '21700', 'CE', [491.5, 494.0, 501.3, 493.2, 498.7, 497.2, 491.9, 489.05, 485.9, 465.05, 469.6, 440.0, 428.3, 438.5, 404.35, 411.35, 425.5, 434.45, 445.9, 432.0, 430.9, 427.6, 485.0, 483.8]]
['40604', 'NIFTY-Apr2024-21700-PE', '2024-04-18 14:30:00', '21700', 'PE', [7.0, 5.75, 5.0, 5.0, 5.15, 4.7, 4.4, 4.05, 4.05, 4.5, 4.1, 5.2, 5.8, 5.0, 6.65, 7.2, 6.4, 6.2, 4.5, 5.3, 4.85, 5.85, 5.25, 6.0]]
['41643', 'NIFTY-Apr2024-21750-CE', '2024-04-18 14:30:00', '21750', 'CE', [453.0, 450.55, 452.95, 423.35, 446.15, 444.35, 444.05, 455.15, 440.6, 432.15, 413.1, 398.55, 380.15, 389.7, 367.75, 360.1, 380.05, 386.95, 391.4, 382.05, 377.65, 370.0, 424.45, 435.0]]
['41656', 'NIFTY-Apr2024-21750-PE', '2024-04-18 14:30:00', '21750', 'PE', [8.9, 7.7, 6.8, 6.8, 6.85, 6.2, 5.75, 5.3, 5.3, 6.05, 5.55, 7.15, 8.05, 6.85, 9.3, 9.8, 8.7, 8.35, 6.2, 7.3, 6.8, 8.15, 6.9, 7.0]]
['41657', 'NIFTY-Apr2024-21800-CE', '2024-04-18 14:30:00', '21800', 'CE', [407.5, 400.6, 398.1, 395.25, 391.15, 399.95, 400.0, 394.5, 391.45, 368.5, 371.45, 344.6, 331.0, 346.45, 312.65, 317.7, 330.9, 336.1, 350.35, 336.3, 339.0, 331.05, 389.1, 387.3]]
['41660', 'NIFTY-Apr2024-21800-PE', '2024-04-18 14:30:00', '21800', 'PE', [11.65, 10.25, 9.2, 9.15, 9.05, 8.2, 7.6, 7.15, 7.1, 8.35, 7.75, 10.15, 11.5, 9.8, 13.25, 13.55, 12.05, 11.5, 8.85, 10.5, 9.85, 11.65, 9.0, 9.4]]
['41661', 'NIFTY-Apr2024-21850-CE', '2024-04-18 14:30:00', '21850', 'CE', [359.8, 353.9, 358.4, 349.15, 348.6, 350.7, 352.1, 343.15, 344.1, 319.5, 324.8, 298.4, 284.8, 296.5, 266.9, 273.0, 289.0, 290.3, 304.2, 288.45, 291.3, 285.6, 341.25, 339.0]]
['41662', 'NIFTY-Apr2024-21850-PE', '2024-04-18 14:30:00', '21850', 'PE', [14.95, 13.45, 12.25, 12.0, 11.9, 10.75, 9.9, 9.35, 9.3, 11.1, 10.35, 13.45, 15.5, 13.05, 18.05, 18.2, 16.15, 15.2, 11.95, 14.05, 13.4, 15.6, 11.85, 12.3]]
['41663', 'NIFTY-Apr2024-21900-CE', '2024-04-18 14:30:00', '21900', 'CE', [315.7, 306.1, 307.5, 304.15, 299.95, 306.0, 305.0, 299.2, 297.7, 274.55, 278.0, 253.7, 240.15, 253.0, 224.9, 228.35, 241.1, 245.35, 258.7, 245.85, 247.0, 242.55, 291.35, 294.0]]
['41668', 'NIFTY-Apr2024-21900-PE', '2024-04-18 14:30:00', '21900', 'PE', [19.45, 17.95, 16.3, 16.1, 15.65, 14.25, 13.25, 12.65, 12.55, 15.25, 14.3, 18.6, 21.4, 18.2, 24.5, 24.8, 22.1, 20.8, 16.7, 19.5, 18.6, 21.6, 16.0, 16.0]]
['41669', 'NIFTY-Apr2024-21950-CE', '2024-04-18 14:30:00', '21950', 'CE', [269.45, 263.95, 260.55, 259.9, 255.0, 261.45, 260.9, 253.9, 252.85, 231.85, 234.7, 210.7, 198.35, 210.05, 183.5, 187.35, 198.55, 202.45, 214.65, 202.7, 205.3, 199.2, 248.2, 248.0]]
['41675', 'NIFTY-Apr2024-21950-PE', '2024-04-18 14:30:00', '21950', 'PE', [25.35, 24.05, 22.3, 21.85, 21.3, 19.5, 18.4, 17.85, 17.7, 21.45, 20.15, 25.9, 29.7, 25.4, 34.3, 33.65, 30.1, 28.45, 23.25, 26.75, 25.95, 29.1, 21.45, 21.1]]
['41676', 'NIFTY-Apr2024-22000-CE', '2024-04-18 14:30:00', '22000', 'CE', [230.3, 219.6, 219.15, 216.75, 211.9, 218.5, 218.55, 212.25, 210.4, 189.55, 192.85, 170.8, 159.75, 170.25, 146.4, 150.0, 159.6, 163.4, 174.15, 162.0, 165.15, 161.0, 204.7, 205.0]]
['41696', 'NIFTY-Apr2024-22000-PE', '2024-04-18 14:30:00', '22000', 'PE', [33.55, 32.25, 30.25, 29.7, 28.95, 26.7, 25.45, 25.15, 25.0, 30.3, 28.05, 35.9, 41.0, 35.35, 47.2, 45.6, 41.1, 38.95, 32.3, 36.85, 35.95, 39.6, 28.65, 28.0]]
['41697', 'NIFTY-Apr2024-22050-CE', '2024-04-18 14:30:00', '22050', 'CE', [189.95, 179.65, 179.05, 175.65, 171.0, 177.6, 177.35, 170.9, 169.5, 150.05, 152.45, 133.45, 123.8, 132.75, 112.2, 114.95, 123.15, 126.95, 135.6, 125.4, 128.2, 124.55, 164.5, 161.75]]
['41705', 'NIFTY-Apr2024-22050-PE', '2024-04-18 14:30:00', '22050', 'PE', [43.25, 42.0, 39.85, 39.0, 38.25, 35.4, 34.0, 34.0, 33.9, 40.85, 38.25, 48.3, 55.3, 48.05, 63.25, 60.65, 54.75, 52.3, 44.1, 49.8, 48.9, 53.4, 38.15, 36.0]]
['41706', 'NIFTY-Apr2024-22100-CE', '2024-04-18 14:30:00', '22100', 'CE', [153.15, 143.65, 141.9, 139.95, 135.0, 140.0, 139.8, 134.5, 132.95, 115.55, 117.35, 100.85, 93.25, 100.2, 82.95, 84.85, 91.75, 94.75, 102.0, 93.0, 95.95, 92.3, 126.75, 125.0]]
['41707', 'NIFTY-Apr2024-22100-PE', '2024-04-18 14:30:00', '22100', 'PE', [56.2, 55.6, 53.15, 51.95, 51.75, 47.9, 46.25, 46.75, 46.9, 56.1, 53.1, 65.7, 74.05, 65.35, 83.95, 80.5, 73.15, 70.2, 60.05, 67.55, 66.2, 71.35, 50.7, 48.5]]
['41713', 'NIFTY-Apr2024-22150-CE', '2024-04-18 14:30:00', '22150', 'CE', [119.7, 110.35, 109.3, 106.1, 102.15, 106.75, 106.3, 101.45, 99.9, 85.1, 86.35, 72.75, 66.8, 71.85, 59.0, 60.0, 65.25, 67.5, 73.25, 65.85, 68.3, 65.3, 93.25, 91.0]]
['41715', 'NIFTY-Apr2024-22150-PE', '2024-04-18 14:30:00', '22150', 'PE', [72.9, 72.85, 70.45, 68.9, 69.1, 64.4, 62.8, 64.0, 64.0, 75.75, 72.05, 87.75, 97.95, 87.3, 109.8, 105.6, 96.65, 93.2, 81.2, 90.2, 88.7, 94.0, 67.05, 64.8]]
['41716', 'NIFTY-Apr2024-22200-CE', '2024-04-18 14:30:00', '22200', 'CE', [90.8, 82.35, 81.05, 77.95, 74.3, 77.9, 77.65, 73.4, 71.85, 60.0, 60.4, 50.15, 45.9, 49.2, 40.2, 40.15, 44.15, 46.15, 49.5, 43.95, 45.8, 43.7, 64.8, 60.0]]
['41723', 'NIFTY-Apr2024-22200-PE', '2024-04-18 14:30:00', '22200', 'PE', [93.3, 94.1, 91.45, 90.1, 91.15, 85.65, 83.85, 85.95, 86.1, 100.7, 95.1, 115.05, 126.2, 114.2, 141.0, 135.8, 125.85, 121.55, 107.75, 118.4, 116.4, 121.9, 88.5, 84.75]]
['41728', 'NIFTY-Apr2024-22250-CE', '2024-04-18 14:30:00', '22250', 'CE', [66.8, 59.55, 58.25, 55.4, 52.4, 55.0, 54.6, 51.1, 49.85, 40.7, 40.45, 33.15, 30.35, 32.55, 26.7, 26.65, 29.05, 30.65, 32.6, 28.35, 29.85, 28.3, 43.55, 42.0]]
['41732', 'NIFTY-Apr2024-22250-PE', '2024-04-18 14:30:00', '22250', 'PE', [119.6, 121.6, 119.15, 117.7, 119.05, 112.85, 111.0, 114.05, 114.55, 131.2, 125.4, 148.2, 161.7, 147.3, 178.1, 172.65, 161.0, 156.1, 140.95, 153.05, 150.35, 156.75, 117.4, 115.0]]
['41733', 'NIFTY-Apr2024-22300-CE', '2024-04-18 14:30:00', '22300', 'CE', [47.55, 42.0, 40.35, 38.1, 35.75, 37.3, 36.7, 34.15, 33.1, 26.35, 26.0, 21.2, 19.9, 21.6, 18.1, 17.9, 19.4, 20.4, 21.3, 18.35, 19.25, 18.4, 28.1, 27.75]]
['41736', 'NIFTY-Apr2024-22300-PE', '2024-04-18 14:30:00', '22300', 'PE', [150.6, 154.2, 151.65, 150.9, 152.6, 145.15, 143.25, 146.95, 147.45, 167.5, 161.95, 186.3, 200.7, 186.1, 218.4, 212.7, 200.6, 195.55, 178.75, 192.2, 189.5, 196.8, 151.55, 148.0]]
['41737', 'NIFTY-Apr2024-22350-CE', '2024-04-18 14:30:00', '22350', 'CE', [33.1, 28.8, 27.6, 25.75, 23.95, 24.7, 24.35, 22.75, 22.0, 17.5, 16.75, 13.9, 13.4, 14.2, 12.4, 11.8, 12.5, 13.05, 13.5, 11.4, 11.8, 11.5, 17.6, 16.65]]
['41747', 'NIFTY-Apr2024-22350-PE', '2024-04-18 14:30:00', '22350', 'PE', [186.7, 190.95, 188.15, 188.5, 190.5, 182.75, 181.6, 185.55, 186.6, 207.6, 201.95, 229.45, 244.25, 228.7, 262.3, 257.7, 244.0, 238.8, 221.4, 234.85, 231.65, 239.85, 190.9, 189.0]]
['41748', 'NIFTY-Apr2024-22400-CE', '2024-04-18 14:30:00', '22400', 'CE', [22.95, 20.1, 19.2, 17.75, 16.4, 16.6, 16.5, 15.25, 14.6, 12.0, 11.3, 9.55, 9.55, 10.2, 9.2, 8.55, 8.7, 8.85, 8.95, 7.5, 7.55, 7.65, 11.05, 10.85]]
['41752', 'NIFTY-Apr2024-22400-PE', '2024-04-18 14:30:00', '22400', 'PE', [226.15, 232.0, 229.85, 230.2, 233.0, 224.25, 223.0, 228.0, 229.1, 252.0, 246.35, 274.3, 290.15, 275.2, 310.3, 303.3, 289.4, 283.7, 266.1, 281.25, 278.0, 285.2, 234.55, 233.3]]
['41753', 'NIFTY-Apr2024-22450-CE', '2024-04-18 14:30:00', '22450', 'CE', [16.15, 14.15, 13.6, 12.4, 11.4, 11.4, 11.35, 10.55, 10.1, 8.5, 7.9, 7.0, 7.15, 7.45, 6.95, 6.2, 6.25, 6.25, 6.1, 5.05, 4.95, 4.9, 6.65, 6.65]]
['41755', 'NIFTY-Apr2024-22450-PE', '2024-04-18 14:30:00', '22450', 'PE', [269.75, 275.9, 273.85, 274.65, 277.5, 269.25, 267.7, 272.8, 274.5, 298.05, 293.55, 322.35, 337.8, 322.95, 355.95, 352.0, 337.65, 331.3, 312.7, 329.05, 326.4, 335.1, 277.0, 278.25]]
['41756', 'NIFTY-Apr2024-22500-CE', '2024-04-18 14:30:00', '22500', 'CE', [11.7, 10.35, 10.05, 9.1, 8.3, 8.05, 8.2, 7.6, 7.25, 6.4, 6.0, 5.45, 5.75, 5.75, 5.6, 4.75, 4.75, 4.5, 4.2, 3.5, 3.3, 3.35, 4.1, 4.2]]
['41763', 'NIFTY-Apr2024-22500-PE', '2024-04-18 14:30:00', '22500', 'PE', [314.4, 322.0, 320.0, 319.25, 323.95, 316.05, 314.8, 319.2, 321.65, 346.35, 340.5, 370.7, 386.7, 370.3, 406.1, 399.55, 384.95, 380.0, 361.8, 378.35, 373.25, 382.0, 327.3, 327.55]]
['41764', 'NIFTY-Apr2024-22550-CE', '2024-04-18 14:30:00', '22550', 'CE', [8.6, 7.75, 7.35, 6.65, 6.0, 5.8, 5.95, 5.5, 5.25, 4.8, 4.5, 4.25, 4.55, 4.45, 4.6, 4.05, 3.9, 3.65, 3.45, 2.85, 2.6, 2.65, 2.8, 2.8]]
['41765', 'NIFTY-Apr2024-22550-PE', '2024-04-18 14:30:00', '22550', 'PE', [365.55, 366.6, 360.8, 367.0, 370.0, 364.4, 362.2, 370.4, 370.55, 395.0, 387.4, 421.8, 434.9, 417.35, 454.5, 448.7, 432.05, 428.55, 411.1, 430.0, 422.4, 430.3, 374.3, 373.15]]
['41766', 'NIFTY-Apr2024-22600-CE', '2024-04-18 14:30:00', '22600', 'CE', [6.55, 6.05, 5.7, 5.2, 4.5, 4.35, 4.45, 4.2, 3.95, 3.95, 3.75, 3.6, 3.95, 3.85, 4.05, 3.5, 3.45, 3.1, 2.95, 2.5, 2.15, 2.1, 1.95, 1.95]]
['41767', 'NIFTY-Apr2024-22600-PE', '2024-04-18 14:30:00', '22600', 'PE', [409.0, 414.0, 414.7, 415.6, 420.35, 413.0, 411.1, 418.0, 418.0, 444.3, 435.75, 468.25, 485.25, 467.45, 505.0, 498.2, 484.1, 478.0, 459.9, 475.9, 471.4, 478.65, 422.9, 424.0]]
['41768', 'NIFTY-Apr2024-22650-CE', '2024-04-18 14:30:00', '22650', 'CE', [5.2, 4.8, 4.45, 4.2, 3.6, 3.45, 3.55, 3.4, 3.2, 3.25, 3.15, 3.15, 3.55, 3.35, 3.65, 3.1, 3.0, 2.7, 2.6, 2.15, 1.85, 1.85, 1.6, 1.55]]
['41769', 'NIFTY-Apr2024-22650-PE', '2024-04-18 14:30:00', '22650', 'PE', [459.0, 463.9, 460.0, 470.95, 464.9, 464.35, 460.0, 468.0, 471.0, 493.3, 489.25, 516.6, 532.1, 517.9, 556.05, 549.25, 531.25, 527.9, 507.0, 525.45, 523.15, 528.4, 470.45, 474.0]]
['41770', 'NIFTY-Apr2024-22700-CE', '2024-04-18 14:30:00', '22700', 'CE', [4.15, 3.95, 3.75, 3.6, 3.1, 3.0, 3.0, 2.9, 2.7, 2.8, 2.8, 2.8, 3.1, 2.8, 3.25, 2.75, 2.7, 2.35, 2.25, 1.9, 1.65, 1.55, 1.3, 1.25]]
['41771', 'NIFTY-Apr2024-22700-PE', '2024-04-18 14:30:00', '22700', 'PE', [507.4, 515.95, 512.9, 513.55, 520.15, 511.85, 509.35, 514.85, 517.7, 543.7, 536.8, 567.85, 584.65, 569.35, 602.25, 597.6, 581.3, 579.0, 557.75, 576.6, 572.6, 580.0, 520.5, 524.45]]
['41772', 'NIFTY-Apr2024-22750-CE', '2024-04-18 14:30:00', '22750', 'CE', [3.6, 3.4, 3.15, 3.15, 2.7, 2.6, 2.65, 2.55, 2.5, 2.55, 2.45, 2.55, 2.85, 2.65, 3.0, 2.55, 2.55, 2.2, 2.05, 1.75, 1.5, 1.35, 1.05, 1.05]]
['41773', 'NIFTY-Apr2024-22750-PE', '2024-04-18 14:30:00', '22750', 'PE', [556.7, 564.8, 562.2, 564.75, 555.75, 565.35, 562.0, 568.1, 568.2, 589.95, 590.5, 619.35, 631.9, 611.35, 649.0, 650.0, 630.0, 630.3, 602.2, 638.5, 621.8, 630.0, 576.05, 572.2]]
['41778', 'NIFTY-Apr2024-22800-CE', '2024-04-18 14:30:00', '22800', 'CE', [2.95, 2.95, 2.8, 2.85, 2.4, 2.3, 2.3, 2.25, 2.15, 2.25, 2.2, 2.25, 2.6, 2.5, 2.8, 2.45, 2.3, 2.0, 1.9, 1.7, 1.35, 1.2, 0.95, 0.8]]
['41779', 'NIFTY-Apr2024-22800-PE', '2024-04-18 14:30:00', '22800', 'PE', [606.05, 611.0, 613.15, 614.4, 615.3, 610.05, 610.05, 615.6, 615.7, 640.9, 636.15, 662.0, 683.25, 670.0, 702.0, 702.15, 680.4, 670.0, 654.15, 675.0, 675.25, 679.55, 631.15, 622.45]]
['41782', 'NIFTY-Apr2024-22850-CE', '2024-04-18 14:30:00', '22850', 'CE', [2.55, 2.55, 2.45, 2.5, 2.15, 2.05, 2.1, 2.05, 1.95, 1.95, 2.0, 2.05, 2.4, 2.2, 2.55, 2.2, 2.15, 1.8, 1.7, 1.45, 1.15, 1.05, 0.8, 0.9]]
['41784', 'NIFTY-Apr2024-22850-PE', '2024-04-18 14:30:00', '22850', 'PE', [658.3, 658.1, 652.2, 682.5, 657.55, 661.05, 661.05, 648.0, 665.15, 682.1, 682.1, 705.0, 705.0, 730.65, 741.0, 756.6, 750.15, 727.75, 703.25, 729.15, 718.85, 727.0, 681.5, 674.35]]
['41785', 'NIFTY-Apr2024-22900-CE', '2024-04-18 14:30:00', '22900', 'CE', [2.35, 2.35, 2.25, 2.35, 2.0, 2.05, 2.0, 1.95, 1.85, 1.9, 1.95, 1.95, 2.2, 2.15, 2.5, 2.15, 2.05, 1.75, 1.6, 1.35, 1.05, 1.0, 0.8, 0.65]]
['41788', 'NIFTY-Apr2024-22900-PE', '2024-04-18 14:30:00', '22900', 'PE', [737.55, 710.6, 720.0, 717.8, 714.0, 712.7, 712.85, 715.05, 720.0, 741.95, 734.9, 766.1, 777.05, 774.5, 812.2, 803.55, 774.55, 779.4, 755.0, 770.0, 772.0, 773.0, 729.8, 748.89]]
['41789', 'NIFTY-Apr2024-22950-CE', '2024-04-18 14:30:00', '22950', 'CE', [2.3, 2.2, 2.15, 2.2, 1.95, 1.9, 1.9, 1.9, 1.8, 1.85, 1.85, 1.9, 2.15, 2.05, 2.35, 2.05, 1.9, 1.65, 1.55, 1.3, 1.0, 0.9, 0.75, 0.65]]
['41791', 'NIFTY-Apr2024-22950-PE', '2024-04-18 14:30:00', '22950', 'PE', [757.2, 776.6, 776.6, 771.8, 764.1, 759.25, 765.0, 750.0, 750.0, 779.0, 779.0, 805.0, 823.25, 828.0, 863.4, 852.0, 827.75, 827.75, 794.75, 832.9, 832.9, 832.9, 770.0, 796.48]]
['41792', 'NIFTY-Apr2024-23000-CE', '2024-04-18 14:30:00', '23000', 'CE', [2.15, 2.1, 2.0, 2.05, 1.9, 1.8, 1.8, 1.8, 1.75, 1.75, 1.75, 1.75, 2.0, 2.0, 2.2, 1.95, 1.85, 1.55, 1.45, 1.2, 0.95, 0.8, 0.7, 0.6]]
['41798', 'NIFTY-Apr2024-23000-PE', '2024-04-18 14:30:00', '23000', 'PE', [815.5, 812.0, 812.3, 812.2, 815.0, 813.4, 808.3, 806.0, 813.25, 840.0, 844.3, 869.85, 880.15, 862.85, 894.0, 900.0, 880.0, 872.4, 856.85, 880.0, 873.0, 872.2, 819.35, 821.0]]
['41799', 'NIFTY-Apr2024-23050-CE', '2024-04-18 14:30:00', '23050', 'CE', [1.9, 1.9, 1.85, 2.0, 1.75, 1.65, 1.65, 1.65, 1.6, 1.55, 1.7, 1.65, 1.9, 1.85, 2.1, 1.8, 1.75, 1.4, 1.25, 1.1, 0.95, 0.8, 0.65, 0.7]]
['41813', 'NIFTY-Apr2024-23050-PE', '2024-04-18 14:30:00', '23050', 'PE', [845.25, 845.25, 845.25, 845.25, 845.25, 845.25, 900.0, 900.0, 899.6, 923.1, 923.1, 942.45, 968.25, 937.1, 937.1, 937.1, 937.1, 920.0, 920.0, 878.0, 899.72, 899.72, 899.72, 899.72]]
['41814', 'NIFTY-Apr2024-23100-CE', '2024-04-18 14:30:00', '23100', 'CE', [1.85, 1.8, 1.8, 1.85, 1.7, 1.65, 1.7, 1.6, 1.55, 1.45, 1.55, 1.5, 1.85, 1.85, 2.1, 1.65, 1.6, 1.35, 1.2, 1.15, 0.85, 0.7, 0.6, 0.45]]
['41815', 'NIFTY-Apr2024-23100-PE', '2024-04-18 14:30:00', '23100', 'PE', [917.65, 907.45, 910.0, 939.95, 912.8, 920.85, 920.85, 906.8, 906.8, 906.8, 950.0, 960.0, 988.9, 979.4, 979.4, 979.4, 979.4, 979.4, 962.55, 978.25, 975.0, 974.1, 974.1, 917.7]]
['41816', 'NIFTY-Apr2024-23150-CE', '2024-04-18 14:30:00', '23150', 'CE', [1.7, 1.75, 1.65, 1.75, 1.55, 1.55, 1.55, 1.5, 1.45, 1.4, 1.5, 1.45, 1.8, 1.75, 1.95, 1.65, 1.55, 1.35, 1.2, 1.0, 0.75, 0.6, 0.45, 0.45]]
['41817', 'NIFTY-Apr2024-23150-PE', '2024-04-18 14:30:00', '23150', 'PE', [999.0, 999.0, 999.0, 999.0, 999.0, 999.0, 999.0, 985.65, 985.65, 1030.3, 1030.3, 1001.55, 1002.2, 1002.2, 1002.2, 1002.2, 1002.2, 1002.2, 1002.2, 1002.2, 1002.2, 1002.2, 1002.2, 1002.2]]
['41818', 'NIFTY-Apr2024-23200-CE', '2024-04-18 14:30:00', '23200', 'CE', [1.7, 1.7, 1.6, 1.7, 1.5, 1.5, 1.5, 1.4, 1.35, 1.35, 1.3, 1.35, 1.75, 1.7, 1.85, 1.6, 1.5, 1.25, 1.15, 0.9, 0.75, 0.55, 0.6, 0.45]]
['41819', 'NIFTY-Apr2024-23200-PE', '2024-04-18 14:30:00', '23200', 'PE', [1025.55, 1016.95, 990.3, 1020.45, 1007.4, 1007.4, 1006.6, 1006.6, 1006.6, 1048.0, 1040.0, 1052.15, 1082.0, 1086.55, 1122.0, 1104.4, 1090.6, 1064.65, 1064.65, 1070.45, 1076.3, 1078.75, 1029.1, 1047.72]]
['41820', 'NIFTY-Apr2024-23250-CE', '2024-04-18 14:30:00', '23250', 'CE', [1.5, 1.6, 1.4, 1.55, 1.4, 1.35, 1.35, 1.35, 1.4, 1.3, 1.4, 1.35, 1.75, 1.7, 1.85, 1.55, 1.45, 1.25, 1.1, 0.9, 0.75, 0.55, 0.45, 0.4]]
['41821', 'NIFTY-Apr2024-23250-PE', '2024-04-18 14:30:00', '23250', 'PE', [1066.4, 1066.4, 1077.35, 1074.75, 1074.75, 1074.75, 1074.75, 1064.1, 1064.1, 1064.1, 1064.1, 1064.1, 1064.1, 1064.1, 1064.1, 1064.1, 1064.1, 1064.1, 1064.1, 1064.1, 1064.1, 1064.1, 1064.1, 1066.73]]
['41822', 'NIFTY-Apr2024-23300-CE', '2024-04-18 14:30:00', '23300', 'CE', [1.55, 1.55, 1.55, 1.6, 1.4, 1.4, 1.4, 1.4, 1.3, 1.25, 1.3, 1.35, 1.75, 1.65, 1.8, 1.5, 1.4, 1.25, 1.05, 0.9, 0.75, 0.55, 0.5, 0.4]]
['41823', 'NIFTY-Apr2024-23300-PE', '2024-04-18 14:30:00', '23300', 'PE', [1103.3, 1103.3, 1093.0, 1139.0, 1139.0, 1139.0, 1139.0, 1139.0, 1113.85, 1128.55, 1153.0, 1163.0, 1183.0, 1183.0, 1193.0, 1223.0, 1183.45, 1183.45, 1153.0, 1153.0, 1153.0, 1153.0, 1123.0, 1128.55]]
['41826', 'NIFTY-Apr2024-23350-CE', '2024-04-18 14:30:00', '23350', 'CE', [1.45, 1.5, 1.35, 1.55, 1.4, 1.3, 1.35, 1.3, 1.2, 1.1, 1.15, 1.1, 1.6, 1.55, 1.8, 1.5, 1.35, 1.2, 1.0, 0.85, 0.65, 0.5, 0.4, 0.45]]
['41828', 'NIFTY-Apr2024-23400-CE', '2024-04-18 14:30:00', '23400', 'CE', [1.45, 1.55, 1.4, 1.55, 1.35, 1.3, 1.35, 1.3, 1.25, 1.2, 1.25, 1.25, 1.65, 1.55, 1.8, 1.45, 1.35, 1.15, 1.05, 0.95, 0.7, 0.6, 0.45, 0.45]]
['41829', 'NIFTY-Apr2024-23400-PE', '2024-04-18 14:30:00', '23400', 'PE', [1205.0, 1205.0, 1205.0, 1205.0, 1205.0, 1205.0, 1205.0, 1205.0, 1205.0, 1205.0, 1205.0, 1205.0, 1205.0, 1205.0, 1205.0, 1205.0, 1205.0, 1205.0, 1205.0, 1205.0, 1286.5, 1244.85, 1244.85, 1212.01]]
['41830', 'NIFTY-Apr2024-23450-CE', '2024-04-18 14:30:00', '23450', 'CE', [1.35, 1.45, 1.35, 1.4, 1.3, 1.25, 1.25, 1.15, 1.15, 1.05, 1.1, 1.1, 1.5, 1.5, 1.65, 1.35, 1.25, 1.1, 1.05, 0.85, 0.65, 0.5, 0.45, 0.4]]
['41833', 'NIFTY-Apr2024-23500-CE', '2024-04-18 14:30:00', '23500', 'CE', [1.4, 1.45, 1.3, 1.45, 1.35, 1.2, 1.3, 1.25, 1.15, 1.1, 1.15, 1.15, 1.55, 1.55, 1.7, 1.35, 1.3, 1.15, 1.1, 0.9, 0.7, 0.6, 0.5, 0.5]]
['41834', 'NIFTY-Apr2024-23500-PE', '2024-04-18 14:30:00', '23500', 'PE', [1312.75, 1312.75, 1334.2, 1334.2, 1334.2, 1334.2, 1296.0, 1296.0, 1336.35, 1339.35, 1362.0, 1373.0, 1373.0, 1373.0, 1411.0, 1367.0, 1367.0, 1358.4, 1358.75, 1371.5, 1386.25, 1322.15, 1347.87, 1347.87]]
['41835', 'NIFTY-Apr2024-23550-CE', '2024-04-18 14:30:00', '23550', 'CE', [1.3, 1.3, 1.2, 1.3, 1.2, 1.15, 1.15, 1.05, 1.1, 0.95, 1.05, 1.05, 1.45, 1.45, 1.6, 1.3, 1.3, 1.1, 0.95, 0.85, 0.65, 0.45, 0.4, 0.35]]
['41841', 'NIFTY-Apr2024-23600-CE', '2024-04-18 14:30:00', '23600', 'CE', [1.25, 1.2, 1.15, 1.2, 1.15, 1.1, 1.1, 1.05, 1.05, 0.9, 1.0, 1.05, 1.45, 1.4, 1.6, 1.35, 1.25, 1.1, 1.0, 0.8, 0.65, 0.55, 0.35, 0.4]]
['41843', 'NIFTY-Apr2024-23650-CE', '2024-04-18 14:30:00', '23650', 'CE', [1.2, 1.25, 1.15, 1.25, 1.15, 1.1, 1.1, 1.05, 1.0, 0.85, 1.0, 1.0, 1.35, 1.35, 1.6, 1.4, 1.25, 1.2, 1.1, 0.95, 0.7, 0.6, 0.45, 0.35]]
['41845', 'NIFTY-Apr2024-23700-CE', '2024-04-18 14:30:00', '23700', 'CE', [1.2, 1.25, 1.2, 1.2, 1.15, 1.1, 1.15, 1.05, 1.05, 0.85, 0.95, 1.0, 1.3, 1.4, 1.6, 1.4, 1.3, 1.2, 1.05, 0.9, 0.7, 0.55, 0.45, 0.5]]
['41856', 'NIFTY-Apr2024-23750-CE', '2024-04-18 14:30:00', '23750', 'CE', [1.3, 1.2, 1.1, 1.15, 1.1, 1.05, 1.0, 1.0, 0.95, 0.8, 0.9, 0.95, 1.2, 1.25, 1.4, 1.25, 1.15, 1.05, 0.9, 0.85, 0.6, 0.5, 0.4, 0.35]]
['41858', 'NIFTY-Apr2024-23800-CE', '2024-04-18 14:30:00', '23800', 'CE', [1.1, 1.1, 1.05, 1.1, 1.05, 1.0, 1.0, 0.9, 0.9, 0.8, 0.9, 0.95, 1.25, 1.35, 1.45, 1.3, 1.2, 1.1, 0.95, 0.8, 0.7, 0.5, 0.4, 0.3]]
['41867', 'NIFTY-Apr2024-23850-CE', '2024-04-18 14:30:00', '23850', 'CE', [1.2, 1.3, 1.15, 1.2, 1.15, 1.1, 1.05, 1.05, 0.95, 0.9, 0.95, 0.95, 1.25, 1.3, 1.4, 1.25, 1.15, 1.05, 0.95, 0.85, 0.6, 0.55, 0.45, 0.3]]
['41875', 'NIFTY-Apr2024-23900-CE', '2024-04-18 14:30:00', '23900', 'CE', [1.15, 1.2, 1.1, 1.15, 1.1, 1.0, 1.0, 1.0, 0.85, 0.8, 0.85, 0.9, 1.15, 1.25, 1.35, 1.2, 1.15, 1.0, 0.9, 0.8, 0.65, 0.5, 0.35, 0.35]]
['41879', 'NIFTY-Apr2024-23900-PE', '2024-04-18 14:30:00', '23900', 'PE', [1720.0, 1730.0, 1730.0, 1730.0, 1730.0, 1730.0, 1730.0, 1730.0, 1730.0, 1730.0, 1730.0, 1730.0, 1730.0, 1730.0, 1730.0, 1730.0, 1730.0, 1730.0, 1730.0, 1730.0, 1730.0, 1729.52, 1729.52, 1729.52]]
['41880', 'NIFTY-Apr2024-23950-CE', '2024-04-18 14:30:00', '23950', 'CE', [1.1, 1.1, 1.05, 1.1, 1.0, 1.0, 1.0, 0.95, 0.9, 0.8, 0.8, 0.8, 1.1, 1.15, 1.25, 1.15, 1.05, 1.0, 0.75, 0.7, 0.5, 0.5, 0.4, 0.35]]
['41889', 'NIFTY-Apr2024-24000-CE', '2024-04-18 14:30:00', '24000', 'CE', [1.15, 1.2, 1.15, 1.2, 1.1, 1.05, 1.0, 1.0, 0.9, 0.8, 0.8, 0.8, 1.1, 1.15, 1.25, 1.15, 1.05, 0.95, 0.9, 0.75, 0.6, 0.45, 0.45, 0.4]]
['41890', 'NIFTY-Apr2024-24000-PE', '2024-04-18 14:30:00', '24000', 'PE', [0, 0, 0, 0, 0, 0, 0, 0, 0, 0, 0, 0, 0, 0, 0, 0, 0, 0, 0, 0, 0, 0, 0, 0]]
['41892', 'NIFTY-Apr2024-24050-CE', '2024-04-18 14:30:00', '24050', 'CE', [1.1, 1.2, 1.15, 1.15, 1.05, 1.0, 1.0, 0.95, 0.9, 0.8, 0.85, 0.85, 1.1, 1.2, 1.25, 1.1, 1.1, 0.95, 0.85, 0.7, 0.6, 0.45, 0.4, 0.35]]
['41894', 'NIFTY-Apr2024-24100-CE', '2024-04-18 14:30:00', '24100', 'CE', [1.2, 1.2, 1.15, 1.25, 1.15, 1.05, 1.05, 1.05, 1.0, 0.9, 0.9, 1.0, 1.2, 1.25, 1.35, 1.2, 1.1, 1.0, 0.9, 0.8, 0.6, 0.55, 0.45, 0.35]]
['41899', 'NIFTY-Apr2024-24150-CE', '2024-04-18 14:30:00', '24150', 'CE', [1.1, 1.2, 1.05, 1.1, 1.0, 1.0, 0.95, 0.9, 0.9, 0.8, 0.85, 0.85, 1.1, 1.15, 1.25, 1.15, 1.0, 0.95, 0.85, 0.75, 0.55, 0.45, 0.35, 0.3]]
['41908', 'NIFTY-Apr2024-24200-CE', '2024-04-18 14:30:00', '24200', 'CE', [1.05, 1.15, 0.95, 1.05, 1.0, 0.9, 0.9, 0.9, 0.8, 0.75, 0.75, 0.75, 1.0, 1.1, 1.15, 1.0, 0.95, 0.9, 0.85, 0.75, 0.6, 0.5, 0.4, 0.35]]
['41911', 'NIFTY-Apr2024-24200-PE', '2024-04-18 14:30:00', '24200', 'PE', [2000.0, 2000.0, 2000.0, 2000.0, 2000.0, 2000.0, 2000.0, 2000.0, 2000.0, 2000.0, 2000.0, 2000.0, 2000.0, 2000.0, 2000.0, 2000.0, 2000.0, 2000.0, 2000.0, 2000.0, 2000.0, 2000.0, 2000.0, 2000.0]]
['41912', 'NIFTY-Apr2024-24250-CE', '2024-04-18 14:30:00', '24250', 'CE', [1.05, 1.15, 0.95, 1.1, 1.0, 0.95, 0.95, 0.9, 0.85, 0.75, 0.75, 0.75, 1.1, 1.1, 1.15, 1.05, 1.0, 0.85, 0.8, 0.7, 0.6, 0.4, 0.4, 0.4]]
['41914', 'NIFTY-Apr2024-24300-CE', '2024-04-18 14:30:00', '24300', 'CE', [1.05, 1.1, 1.05, 1.1, 1.0, 1.0, 1.0, 0.95, 0.9, 0.8, 0.85, 0.85, 1.05, 1.1, 1.2, 1.1, 0.95, 0.85, 0.75, 0.7, 0.6, 0.4, 0.45, 0.45]]
['41916', 'NIFTY-Apr2024-24350-CE', '2024-04-18 14:30:00', '24350', 'CE', [1.0, 1.1, 1.0, 1.05, 1.0, 1.0, 0.95, 0.9, 0.9, 0.8, 0.85, 0.8, 1.05, 1.0, 1.1, 1.05, 0.95, 0.85, 0.75, 0.65, 0.5, 0.5, 0.4, 0.3]]
['41918', 'NIFTY-Apr2024-24400-CE', '2024-04-18 14:30:00', '24400', 'CE', [1.0, 1.1, 0.95, 1.05, 0.95, 0.95, 0.95, 0.85, 0.8, 0.75, 0.8, 0.85, 1.05, 1.05, 1.15, 1.05, 1.0, 0.85, 0.8, 0.7, 0.55, 0.45, 0.4, 0.5]]
['41921', 'NIFTY-Apr2024-24450-CE', '2024-04-18 14:30:00', '24450', 'CE', [1.0, 1.1, 1.0, 1.05, 1.05, 1.0, 1.0, 0.95, 0.95, 0.9, 0.85, 0.85, 1.1, 1.1, 1.1, 1.0, 0.9, 0.8, 0.75, 0.7, 0.5, 0.4, 0.4, 0.3]]
['41927', 'NIFTY-Apr2024-24500-CE', '2024-04-18 14:30:00', '24500', 'CE', [1.05, 1.2, 1.0, 1.15, 1.05, 1.05, 1.0, 0.95, 0.9, 0.9, 0.9, 0.95, 1.1, 1.2, 1.2, 1.05, 0.95, 0.85, 0.8, 0.75, 0.4, 0.35, 0.4, 0.35]]
['41935', 'NIFTY-Apr2024-24500-PE', '2024-04-18 14:30:00', '24500', 'PE', [2322.95, 2322.95, 2322.95, 2322.95, 2322.95, 2322.95, 2322.95, 2322.95, 2322.95, 2322.95, 2322.95, 2322.95, 2322.95, 2322.95, 2322.95, 2322.95, 2322.95, 2322.95, 2322.95, 2322.95, 2322.95, 2385.1, 2385.1, 2328.35]]
