35197,BANKNIFTY-Feb2024-30500-CE,2024-02-29 14:30:00,30500,CE
35198,BANKNIFTY-Feb2024-30500-PE,2024-02-29 14:30:00,30500,PE
35284,BANKNIFTY-Feb2024-49600-CE,2024-02-29 14:30:00,49600,CE
35285,BANKNIFTY-Feb2024-49600-PE,2024-02-29 14:30:00,49600,PE
35286,BANKNIFTY-Feb2024-49700-CE,2024-02-29 14:30:00,49700,CE
35287,BANKNIFTY-Feb2024-49700-PE,2024-02-29 14:30:00,49700,PE
35288,BANKNIFTY-Feb2024-49800-CE,2024-02-29 14:30:00,49800,CE
35289,BANKNIFTY-Feb2024-49800-PE,2024-02-29 14:30:00,49800,PE
35290,BANKNIFTY-Feb2024-57000-CE,2024-02-29 14:30:00,57000,CE
35291,BANKNIFTY-Feb2024-57000-PE,2024-02-29 14:30:00,57000,PE
35762,NIFTY-Feb2024-23200-CE,2024-02-29 14:30:00,23200,CE
35763,NIFTY-Feb2024-23200-PE,2024-02-29 14:30:00,23200,PE
35764,NIFTY-Feb2024-23250-CE,2024-02-29 14:30:00,23250,CE
35765,NIFTY-Feb2024-23250-PE,2024-02-29 14:30:00,23250,PE
36433,BANKNIFTY-Feb2024-52400-CE,2024-02-29 14:30:00,52400,CE
36435,BANKNIFTY-Feb2024-52400-PE,2024-02-29 14:30:00,52400,PE
36437,BANKNIFTY-Feb2024-52600-CE,2024-02-29 14:30:00,52600,CE
36438,BANKNIFTY-Feb2024-52600-PE,2024-02-29 14:30:00,52600,PE
36439,BANKNIFTY-Feb2024-52700-CE,2024-02-29 14:30:00,52700,CE
36440,BANKNIFTY-Feb2024-52700-PE,2024-02-29 14:30:00,52700,PE
39036,NIFTY-Feb2024-25250-CE,2024-02-29 14:30:00,25250,CE
39037,NIFTY-Feb2024-25250-PE,2024-02-29 14:30:00,25250,PE
39038,NIFTY-Feb2024-25300-CE,2024-02-29 14:30:00,25300,CE
39039,NIFTY-Feb2024-25300-PE,2024-02-29 14:30:00,25300,PE
39040,NIFTY-Feb2024-25350-CE,2024-02-29 14:30:00,25350,CE
39052,NIFTY-Feb2024-25350-PE,2024-02-29 14:30:00,25350,PE
39054,NIFTY-Feb2024-25400-CE,2024-02-29 14:30:00,25400,CE
39055,NIFTY-Feb2024-25400-PE,2024-02-29 14:30:00,25400,PE
39598,BANKNIFTY-Feb2024-49900-CE,2024-02-29 14:30:00,49900,CE
39599,BANKNIFTY-Feb2024-49900-PE,2024-02-29 14:30:00,49900,PE
39600,BANKNIFTY-Feb2024-50100-CE,2024-02-29 14:30:00,50100,CE
39601,BANKNIFTY-Feb2024-50100-PE,2024-02-29 14:30:00,50100,PE
39602,BANKNIFTY-Feb2024-50200-CE,2024-02-29 14:30:00,50200,CE
39603,BANKNIFTY-Feb2024-50200-PE,2024-02-29 14:30:00,50200,PE
39606,BANKNIFTY-Feb2024-50300-CE,2024-02-29 14:30:00,50300,CE
39607,BANKNIFTY-Feb2024-50300-PE,2024-02-29 14:30:00,50300,PE
39608,BANKNIFTY-Feb2024-50400-CE,2024-02-29 14:30:00,50400,CE
39609,BANKNIFTY-Feb2024-50400-PE,2024-02-29 14:30:00,50400,PE
39610,BANKNIFTY-Feb2024-50600-CE,2024-02-29 14:30:00,50600,CE
39611,BANKNIFTY-Feb2024-50600-PE,2024-02-29 14:30:00,50600,PE
39624,BANKNIFTY-Feb2024-50700-CE,2024-02-29 14:30:00,50700,CE
39625,BANKNIFTY-Feb2024-50700-PE,2024-02-29 14:30:00,50700,PE
39626,BANKNIFTY-Feb2024-50800-CE,2024-02-29 14:30:00,50800,CE
39627,BANKNIFTY-Feb2024-50800-PE,2024-02-29 14:30:00,50800,PE
39628,BANKNIFTY-Feb2024-50900-CE,2024-02-29 14:30:00,50900,CE
39629,BANKNIFTY-Feb2024-50900-PE,2024-02-29 14:30:00,50900,PE
39630,BANKNIFTY-Feb2024-51100-CE,2024-02-29 14:30:00,51100,CE
39631,BANKNIFTY-Feb2024-51100-PE,2024-02-29 14:30:00,51100,PE
39632,BANKNIFTY-Feb2024-51200-CE,2024-02-29 14:30:00,51200,CE
39636,BANKNIFTY-Feb2024-51200-PE,2024-02-29 14:30:00,51200,PE
39641,BANKNIFTY-Feb2024-51300-CE,2024-02-29 14:30:00,51300,CE
39642,BANKNIFTY-Feb2024-51300-PE,2024-02-29 14:30:00,51300,PE
39649,BANKNIFTY-Feb2024-51400-CE,2024-02-29 14:30:00,51400,CE
39652,BANKNIFTY-Feb2024-51400-PE,2024-02-29 14:30:00,51400,PE
39653,BANKNIFTY-Feb2024-57500-CE,2024-02-29 14:30:00,57500,CE
39654,BANKNIFTY-Feb2024-57500-PE,2024-02-29 14:30:00,57500,PE
39655,BANKNIFTY-Feb2024-58000-CE,2024-02-29 14:30:00,58000,CE
39656,BANKNIFTY-Feb2024-58000-PE,2024-02-29 14:30:00,58000,PE
39657,BANKNIFTY-Feb2024-58500-CE,2024-02-29 14:30:00,58500,CE
39663,BANKNIFTY-Feb2024-58500-PE,2024-02-29 14:30:00,58500,PE
39795,BANKNIFTY-Feb2024-32000-CE,2024-02-29 14:30:00,32000,CE
39796,BANKNIFTY-Feb2024-32000-PE,2024-02-29 14:30:00,32000,PE
39944,BANKNIFTY-Feb2024-53200-CE,2024-02-29 14:30:00,53200,CE
39951,BANKNIFTY-Feb2024-53200-PE,2024-02-29 14:30:00,53200,PE
39957,BANKNIFTY-Feb2024-53300-CE,2024-02-29 14:30:00,53300,CE
39958,BANKNIFTY-Feb2024-53300-PE,2024-02-29 14:30:00,53300,PE
39966,BANKNIFTY-Feb2024-60500-CE,2024-02-29 14:30:00,60500,CE
39967,BANKNIFTY-Feb2024-60500-PE,2024-02-29 14:30:00,60500,PE
40504,BANKNIFTY-Feb2024-52800-CE,2024-02-29 14:30:00,52800,CE
40505,BANKNIFTY-Feb2024-52800-PE,2024-02-29 14:30:00,52800,PE
40506,BANKNIFTY-Feb2024-52900-CE,2024-02-29 14:30:00,52900,CE
40507,BANKNIFTY-Feb2024-52900-PE,2024-02-29 14:30:00,52900,PE
40510,BANKNIFTY-Feb2024-53100-CE,2024-02-29 14:30:00,53100,CE
40511,BANKNIFTY-Feb2024-53100-PE,2024-02-29 14:30:00,53100,PE
40512,BANKNIFTY-Feb2024-60000-CE,2024-02-29 14:30:00,60000,CE
40519,BANKNIFTY-Feb2024-60000-PE,2024-02-29 14:30:00,60000,PE
40771,NIFTY-Feb2024-24250-CE,2024-02-29 14:30:00,24250,CE
40772,NIFTY-Feb2024-24250-PE,2024-02-29 14:30:00,24250,PE
40773,NIFTY-Feb2024-24300-CE,2024-02-29 14:30:00,24300,CE
40774,NIFTY-Feb2024-24300-PE,2024-02-29 14:30:00,24300,PE
40775,NIFTY-Feb2024-24350-CE,2024-02-29 14:30:00,24350,CE
40776,NIFTY-Feb2024-24350-PE,2024-02-29 14:30:00,24350,PE
40777,NIFTY-Feb2024-24400-CE,2024-02-29 14:30:00,24400,CE
40778,NIFTY-Feb2024-24400-PE,2024-02-29 14:30:00,24400,PE
40779,NIFTY-Feb2024-24450-CE,2024-02-29 14:30:00,24450,CE
40780,NIFTY-Feb2024-24450-PE,2024-02-29 14:30:00,24450,PE
41794,BANKNIFTY-Feb2024-52100-CE,2024-02-29 14:30:00,52100,CE
41796,BANKNIFTY-Feb2024-52100-PE,2024-02-29 14:30:00,52100,PE
41797,BANKNIFTY-Feb2024-52200-CE,2024-02-29 14:30:00,52200,CE
41800,BANKNIFTY-Feb2024-52200-PE,2024-02-29 14:30:00,52200,PE
41864,BANKNIFTY-Feb2024-52300-CE,2024-02-29 14:30:00,52300,CE
41869,BANKNIFTY-Feb2024-52300-PE,2024-02-29 14:30:00,52300,PE
42001,BANKNIFTY-Feb2024-53600-CE,2024-02-29 14:30:00,53600,CE
42015,BANKNIFTY-Feb2024-53600-PE,2024-02-29 14:30:00,53600,PE
42020,BANKNIFTY-Feb2024-53700-CE,2024-02-29 14:30:00,53700,CE
42021,BANKNIFTY-Feb2024-53700-PE,2024-02-29 14:30:00,53700,PE
42023,BANKNIFTY-Feb2024-53800-CE,2024-02-29 14:30:00,53800,CE
42034,NIFTY-Feb2024-23300-CE,2024-02-29 14:30:00,23300,CE
42035,NIFTY-Feb2024-23300-PE,2024-02-29 14:30:00,23300,PE
42038,NIFTY-Feb2024-23350-CE,2024-02-29 14:30:00,23350,CE
42039,NIFTY-Feb2024-23350-PE,2024-02-29 14:30:00,23350,PE
42040,BANKNIFTY-Feb2024-53800-PE,2024-02-29 14:30:00,53800,PE
42041,BANKNIFTY-Feb2024-53900-CE,2024-02-29 14:30:00,53900,CE
42043,BANKNIFTY-Feb2024-53900-PE,2024-02-29 14:30:00,53900,PE
42044,BANKNIFTY-Feb2024-54100-CE,2024-02-29 14:30:00,54100,CE
42049,BANKNIFTY-Feb2024-54100-PE,2024-02-29 14:30:00,54100,PE
42050,BANKNIFTY-Feb2024-54200-CE,2024-02-29 14:30:00,54200,CE
42051,BANKNIFTY-Feb2024-54200-PE,2024-02-29 14:30:00,54200,PE
42052,BANKNIFTY-Feb2024-61000-CE,2024-02-29 14:30:00,61000,CE
42053,BANKNIFTY-Feb2024-61000-PE,2024-02-29 14:30:00,61000,PE
42054,BANKNIFTY-Feb2024-61500-CE,2024-02-29 14:30:00,61500,CE
42058,NIFTY-Feb2024-23400-CE,2024-02-29 14:30:00,23400,CE
42059,NIFTY-Feb2024-23400-PE,2024-02-29 14:30:00,23400,PE
42060,NIFTY-Feb2024-23450-CE,2024-02-29 14:30:00,23450,CE
42061,NIFTY-Feb2024-23450-PE,2024-02-29 14:30:00,23450,PE
42062,NIFTY-Feb2024-23500-CE,2024-02-29 14:30:00,23500,CE
42063,NIFTY-Feb2024-23500-PE,2024-02-29 14:30:00,23500,PE
42066,NIFTY-Feb2024-23550-CE,2024-02-29 14:30:00,23550,CE
42067,NIFTY-Feb2024-23550-PE,2024-02-29 14:30:00,23550,PE
42068,BANKNIFTY-Feb2024-61500-PE,2024-02-29 14:30:00,61500,PE
42069,BANKNIFTY-Feb2024-62000-CE,2024-02-29 14:30:00,62000,CE
42076,BANKNIFTY-Feb2024-62000-PE,2024-02-29 14:30:00,62000,PE
42077,BANKNIFTY-Feb2024-62500-CE,2024-02-29 14:30:00,62500,CE
42078,BANKNIFTY-Feb2024-62500-PE,2024-02-29 14:30:00,62500,PE
42080,NIFTY-Feb2024-23600-CE,2024-02-29 14:30:00,23600,CE
42081,BANKNIFTY-Feb2024-63000-CE,2024-02-29 14:30:00,63000,CE
42082,NIFTY-Feb2024-23600-PE,2024-02-29 14:30:00,23600,PE
42083,BANKNIFTY-Feb2024-63000-PE,2024-02-29 14:30:00,63000,PE
42086,NIFTY-Feb2024-23650-CE,2024-02-29 14:30:00,23650,CE
42087,NIFTY-Feb2024-23650-PE,2024-02-29 14:30:00,23650,PE
42091,NIFTY-Feb2024-23700-CE,2024-02-29 14:30:00,23700,CE
42093,NIFTY-Feb2024-23700-PE,2024-02-29 14:30:00,23700,PE
42468,BANKNIFTY-Feb2024-59500-CE,2024-02-29 14:30:00,59500,CE
42469,BANKNIFTY-Feb2024-59500-PE,2024-02-29 14:30:00,59500,PE
46049,BANKNIFTY-Feb2024-51600-CE,2024-02-29 14:30:00,51600,CE
46050,BANKNIFTY-Feb2024-51600-PE,2024-02-29 14:30:00,51600,PE
46051,BANKNIFTY-Feb2024-51700-CE,2024-02-29 14:30:00,51700,CE
46068,BANKNIFTY-Feb2024-51700-PE,2024-02-29 14:30:00,51700,PE
46069,BANKNIFTY-Feb2024-51800-CE,2024-02-29 14:30:00,51800,CE
46070,BANKNIFTY-Feb2024-51800-PE,2024-02-29 14:30:00,51800,PE
46071,BANKNIFTY-Feb2024-51900-CE,2024-02-29 14:30:00,51900,CE
46072,BANKNIFTY-Feb2024-51900-PE,2024-02-29 14:30:00,51900,PE
46073,BANKNIFTY-Feb2024-59000-CE,2024-02-29 14:30:00,59000,CE
46090,BANKNIFTY-Feb2024-59000-PE,2024-02-29 14:30:00,59000,PE
46190,NIFTY-Feb2024-24500-CE,2024-02-29 14:30:00,24500,CE
46191,NIFTY-Feb2024-24500-PE,2024-02-29 14:30:00,24500,PE
46501,NIFTY-Feb2024-24550-CE,2024-02-29 14:30:00,24550,CE
46502,NIFTY-Feb2024-24550-PE,2024-02-29 14:30:00,24550,PE
46924,NIFTY-Feb2024-24600-CE,2024-02-29 14:30:00,24600,CE
46925,NIFTY-Feb2024-24600-PE,2024-02-29 14:30:00,24600,PE
47301,NIFTY-Feb2024-24650-CE,2024-02-29 14:30:00,24650,CE
47302,NIFTY-Feb2024-24650-PE,2024-02-29 14:30:00,24650,PE
47403,NIFTY-Feb2024-23750-CE,2024-02-29 14:30:00,23750,CE
47411,NIFTY-Feb2024-23750-PE,2024-02-29 14:30:00,23750,PE
47413,NIFTY-Feb2024-23800-CE,2024-02-29 14:30:00,23800,CE
47420,NIFTY-Feb2024-23800-PE,2024-02-29 14:30:00,23800,PE
47421,NIFTY-Feb2024-23850-CE,2024-02-29 14:30:00,23850,CE
47422,NIFTY-Feb2024-23850-PE,2024-02-29 14:30:00,23850,PE
48484,NIFTY-Feb2024-24850-CE,2024-02-29 14:30:00,24850,CE
48489,NIFTY-Feb2024-24850-PE,2024-02-29 14:30:00,24850,PE
48492,NIFTY-Feb2024-24900-CE,2024-02-29 14:30:00,24900,CE
48515,NIFTY-Feb2024-24900-PE,2024-02-29 14:30:00,24900,PE
48516,NIFTY-Feb2024-24950-CE,2024-02-29 14:30:00,24950,CE
48517,NIFTY-Feb2024-24950-PE,2024-02-29 14:30:00,24950,PE
48518,NIFTY-Feb2024-25000-CE,2024-02-29 14:30:00,25000,CE
48519,NIFTY-Feb2024-25000-PE,2024-02-29 14:30:00,25000,PE
48520,NIFTY-Feb2024-25050-CE,2024-02-29 14:30:00,25050,CE
48521,NIFTY-Feb2024-25050-PE,2024-02-29 14:30:00,25050,PE
48522,NIFTY-Feb2024-25100-CE,2024-02-29 14:30:00,25100,CE
48528,NIFTY-Feb2024-25100-PE,2024-02-29 14:30:00,25100,PE
48529,NIFTY-Feb2024-25150-CE,2024-02-29 14:30:00,25150,CE
48531,NIFTY-Feb2024-25150-PE,2024-02-29 14:30:00,25150,PE
48532,NIFTY-Feb2024-25200-CE,2024-02-29 14:30:00,25200,CE
48534,NIFTY-Feb2024-25200-PE,2024-02-29 14:30:00,25200,PE
50787,NIFTY-Feb2024-23900-CE,2024-02-29 14:30:00,23900,CE
50791,NIFTY-Feb2024-23900-PE,2024-02-29 14:30:00,23900,PE
50792,NIFTY-Feb2024-23950-CE,2024-02-29 14:30:00,23950,CE
50795,NIFTY-Feb2024-23950-PE,2024-02-29 14:30:00,23950,PE
51828,BANKNIFTY-Feb2024-30000-CE,2024-02-29 14:30:00,30000,CE
51829,BANKNIFTY-Feb2024-30000-PE,2024-02-29 14:30:00,30000,PE
51832,BANKNIFTY-Feb2024-39100-CE,2024-02-29 14:30:00,39100,CE
51837,BANKNIFTY-Feb2024-39100-PE,2024-02-29 14:30:00,39100,PE
51838,BANKNIFTY-Feb2024-39200-CE,2024-02-29 14:30:00,39200,CE
51842,BANKNIFTY-Feb2024-39200-PE,2024-02-29 14:30:00,39200,PE
51843,BANKNIFTY-Feb2024-39300-CE,2024-02-29 14:30:00,39300,CE
51844,BANKNIFTY-Feb2024-39300-PE,2024-02-29 14:30:00,39300,PE
51845,BANKNIFTY-Feb2024-39400-CE,2024-02-29 14:30:00,39400,CE
51852,BANKNIFTY-Feb2024-39400-PE,2024-02-29 14:30:00,39400,PE
54527,NIFTY-Feb2024-24000-CE,2024-02-29 14:30:00,24000,CE
54528,NIFTY-Feb2024-24000-PE,2024-02-29 14:30:00,24000,PE
55149,NIFTY-Feb2024-25650-CE,2024-02-29 14:30:00,25650,CE
55150,NIFTY-Feb2024-25650-PE,2024-02-29 14:30:00,25650,PE
55167,NIFTY-Feb2024-25700-CE,2024-02-29 14:30:00,25700,CE
55168,NIFTY-Feb2024-25700-PE,2024-02-29 14:30:00,25700,PE
56328,NIFTY-Feb2024-25450-CE,2024-02-29 14:30:00,25450,CE
56329,NIFTY-Feb2024-25450-PE,2024-02-29 14:30:00,25450,PE
56335,NIFTY-Feb2024-25500-CE,2024-02-29 14:30:00,25500,CE
56336,NIFTY-Feb2024-25500-PE,2024-02-29 14:30:00,25500,PE
56340,NIFTY-Feb2024-25550-CE,2024-02-29 14:30:00,25550,CE
56341,NIFTY-Feb2024-25550-PE,2024-02-29 14:30:00,25550,PE
56342,NIFTY-Feb2024-25600-CE,2024-02-29 14:30:00,25600,CE
56343,NIFTY-Feb2024-25600-PE,2024-02-29 14:30:00,25600,PE
58814,BANKNIFTY-Feb2024-31000-CE,2024-02-29 14:30:00,31000,CE
58817,BANKNIFTY-Feb2024-31000-PE,2024-02-29 14:30:00,31000,PE
58818,BANKNIFTY-Feb2024-31500-CE,2024-02-29 14:30:00,31500,CE
58822,BANKNIFTY-Feb2024-31500-PE,2024-02-29 14:30:00,31500,PE
59501,NIFTY-Feb2024-24050-CE,2024-02-29 14:30:00,24050,CE
59502,NIFTY-Feb2024-24050-PE,2024-02-29 14:30:00,24050,PE
59503,NIFTY-Feb2024-24100-CE,2024-02-29 14:30:00,24100,CE
59504,NIFTY-Feb2024-24100-PE,2024-02-29 14:30:00,24100,PE
59511,NIFTY-Feb2024-24150-CE,2024-02-29 14:30:00,24150,CE
59512,NIFTY-Feb2024-24150-PE,2024-02-29 14:30:00,24150,PE
59513,NIFTY-Feb2024-24200-CE,2024-02-29 14:30:00,24200,CE
59514,NIFTY-Feb2024-24200-PE,2024-02-29 14:30:00,24200,PE
66568,BANKNIFTY-Feb2024-53400-CE,2024-02-29 14:30:00,53400,CE
66569,BANKNIFTY-Feb2024-53400-PE,2024-02-29 14:30:00,53400,PE
67151,BANKNIFTY-Feb2024-38900-CE,2024-02-29 14:30:00,38900,CE
67152,BANKNIFTY-Feb2024-38900-PE,2024-02-29 14:30:00,38900,PE
67173,NIFTY-Feb2024-24700-CE,2024-02-29 14:30:00,24700,CE
67174,NIFTY-Feb2024-24700-PE,2024-02-29 14:30:00,24700,PE
67175,NIFTY-Feb2024-24750-CE,2024-02-29 14:30:00,24750,CE
67176,NIFTY-Feb2024-24750-PE,2024-02-29 14:30:00,24750,PE
67179,NIFTY-Feb2024-24800-CE,2024-02-29 14:30:00,24800,CE
67180,NIFTY-Feb2024-24800-PE,2024-02-29 14:30:00,24800,PE
71923,BANKNIFTY-Feb2024-32500-CE,2024-02-29 14:30:00,32500,CE
71924,BANKNIFTY-Feb2024-32500-PE,2024-02-29 14:30:00,32500,PE
71925,BANKNIFTY-Feb2024-33000-CE,2024-02-29 14:30:00,33000,CE
71926,BANKNIFTY-Feb2024-33000-PE,2024-02-29 14:30:00,33000,PE
71927,BANKNIFTY-Feb2024-33500-CE,2024-02-29 14:30:00,33500,CE
71928,BANKNIFTY-Feb2024-33500-PE,2024-02-29 14:30:00,33500,PE
71929,BANKNIFTY-Feb2024-34000-CE,2024-02-29 14:30:00,34000,CE
71930,BANKNIFTY-Feb2024-34000-PE,2024-02-29 14:30:00,34000,PE
71933,BANKNIFTY-Feb2024-34500-CE,2024-02-29 14:30:00,34500,CE
71934,BANKNIFTY-Feb2024-34500-PE,2024-02-29 14:30:00,34500,PE
71935,BANKNIFTY-Feb2024-35000-CE,2024-02-29 14:30:00,35000,CE
71936,BANKNIFTY-Feb2024-35000-PE,2024-02-29 14:30:00,35000,PE
71937,BANKNIFTY-Feb2024-35500-CE,2024-02-29 14:30:00,35500,CE
71951,BANKNIFTY-Feb2024-35500-PE,2024-02-29 14:30:00,35500,PE
71952,BANKNIFTY-Feb2024-36000-CE,2024-02-29 14:30:00,36000,CE
71953,BANKNIFTY-Feb2024-36000-PE,2024-02-29 14:30:00,36000,PE
71954,BANKNIFTY-Feb2024-36500-CE,2024-02-29 14:30:00,36500,CE
71955,BANKNIFTY-Feb2024-36500-PE,2024-02-29 14:30:00,36500,PE
71956,BANKNIFTY-Feb2024-37000-CE,2024-02-29 14:30:00,37000,CE
71957,BANKNIFTY-Feb2024-37000-PE,2024-02-29 14:30:00,37000,PE
71958,BANKNIFTY-Feb2024-37500-CE,2024-02-29 14:30:00,37500,CE
71959,BANKNIFTY-Feb2024-37500-PE,2024-02-29 14:30:00,37500,PE
71960,BANKNIFTY-Feb2024-38000-CE,2024-02-29 14:30:00,38000,CE
71961,BANKNIFTY-Feb2024-38000-PE,2024-02-29 14:30:00,38000,PE
71962,BANKNIFTY-Feb2024-38500-CE,2024-02-29 14:30:00,38500,CE
71963,BANKNIFTY-Feb2024-38500-PE,2024-02-29 14:30:00,38500,PE
71964,BANKNIFTY-Feb2024-39000-CE,2024-02-29 14:30:00,39000,CE
71965,BANKNIFTY-Feb2024-39000-PE,2024-02-29 14:30:00,39000,PE
71966,BANKNIFTY-Feb2024-39500-CE,2024-02-29 14:30:00,39500,CE
71967,BANKNIFTY-Feb2024-39500-PE,2024-02-29 14:30:00,39500,PE
71968,BANKNIFTY-Feb2024-39600-CE,2024-02-29 14:30:00,39600,CE
71969,BANKNIFTY-Feb2024-39600-PE,2024-02-29 14:30:00,39600,PE
71970,BANKNIFTY-Feb2024-39700-CE,2024-02-29 14:30:00,39700,CE
71971,BANKNIFTY-Feb2024-39700-PE,2024-02-29 14:30:00,39700,PE
71972,BANKNIFTY-Feb2024-39800-CE,2024-02-29 14:30:00,39800,CE
71973,BANKNIFTY-Feb2024-39800-PE,2024-02-29 14:30:00,39800,PE
71974,BANKNIFTY-Feb2024-39900-CE,2024-02-29 14:30:00,39900,CE
71975,BANKNIFTY-Feb2024-39900-PE,2024-02-29 14:30:00,39900,PE
71976,BANKNIFTY-Feb2024-40000-CE,2024-02-29 14:30:00,40000,CE
71977,BANKNIFTY-Feb2024-40000-PE,2024-02-29 14:30:00,40000,PE
71978,BANKNIFTY-Feb2024-40100-CE,2024-02-29 14:30:00,40100,CE
71979,BANKNIFTY-Feb2024-40100-PE,2024-02-29 14:30:00,40100,PE
71980,BANKNIFTY-Feb2024-40200-CE,2024-02-29 14:30:00,40200,CE
71981,BANKNIFTY-Feb2024-40200-PE,2024-02-29 14:30:00,40200,PE
71982,BANKNIFTY-Feb2024-40300-CE,2024-02-29 14:30:00,40300,CE
71983,BANKNIFTY-Feb2024-40300-PE,2024-02-29 14:30:00,40300,PE
71984,BANKNIFTY-Feb2024-40400-CE,2024-02-29 14:30:00,40400,CE
71985,BANKNIFTY-Feb2024-40400-PE,2024-02-29 14:30:00,40400,PE
71986,BANKNIFTY-Feb2024-40500-CE,2024-02-29 14:30:00,40500,CE
71987,BANKNIFTY-Feb2024-40500-PE,2024-02-29 14:30:00,40500,PE
71988,BANKNIFTY-Feb2024-40600-CE,2024-02-29 14:30:00,40600,CE
71989,BANKNIFTY-Feb2024-40600-PE,2024-02-29 14:30:00,40600,PE
71990,BANKNIFTY-Feb2024-40700-CE,2024-02-29 14:30:00,40700,CE
71991,BANKNIFTY-Feb2024-40700-PE,2024-02-29 14:30:00,40700,PE
71992,BANKNIFTY-Feb2024-40800-CE,2024-02-29 14:30:00,40800,CE
71993,BANKNIFTY-Feb2024-40800-PE,2024-02-29 14:30:00,40800,PE
71994,BANKNIFTY-Feb2024-40900-CE,2024-02-29 14:30:00,40900,CE
71995,BANKNIFTY-Feb2024-40900-PE,2024-02-29 14:30:00,40900,PE
71996,BANKNIFTY-Feb2024-41000-CE,2024-02-29 14:30:00,41000,CE
72003,BANKNIFTY-Feb2024-41000-PE,2024-02-29 14:30:00,41000,PE
72004,BANKNIFTY-Feb2024-41100-CE,2024-02-29 14:30:00,41100,CE
72005,BANKNIFTY-Feb2024-41100-PE,2024-02-29 14:30:00,41100,PE
72006,BANKNIFTY-Feb2024-41200-CE,2024-02-29 14:30:00,41200,CE
72053,BANKNIFTY-Feb2024-41200-PE,2024-02-29 14:30:00,41200,PE
72054,BANKNIFTY-Feb2024-41300-CE,2024-02-29 14:30:00,41300,CE
72055,BANKNIFTY-Feb2024-41300-PE,2024-02-29 14:30:00,41300,PE
72056,BANKNIFTY-Feb2024-41400-CE,2024-02-29 14:30:00,41400,CE
72057,BANKNIFTY-Feb2024-41400-PE,2024-02-29 14:30:00,41400,PE
72058,BANKNIFTY-Feb2024-41500-CE,2024-02-29 14:30:00,41500,CE
72065,BANKNIFTY-Feb2024-41500-PE,2024-02-29 14:30:00,41500,PE
72072,BANKNIFTY-Feb2024-41600-CE,2024-02-29 14:30:00,41600,CE
72073,BANKNIFTY-Feb2024-41600-PE,2024-02-29 14:30:00,41600,PE
72078,BANKNIFTY-Feb2024-41700-CE,2024-02-29 14:30:00,41700,CE
72079,BANKNIFTY-Feb2024-41700-PE,2024-02-29 14:30:00,41700,PE
72084,BANKNIFTY-Feb2024-41800-CE,2024-02-29 14:30:00,41800,CE
72085,BANKNIFTY-Feb2024-41800-PE,2024-02-29 14:30:00,41800,PE
72096,BANKNIFTY-Feb2024-41900-CE,2024-02-29 14:30:00,41900,CE
72097,BANKNIFTY-Feb2024-41900-PE,2024-02-29 14:30:00,41900,PE
72102,BANKNIFTY-Feb2024-42000-CE,2024-02-29 14:30:00,42000,CE
72103,BANKNIFTY-Feb2024-42000-PE,2024-02-29 14:30:00,42000,PE
72110,BANKNIFTY-Feb2024-42100-CE,2024-02-29 14:30:00,42100,CE
72111,BANKNIFTY-Feb2024-42100-PE,2024-02-29 14:30:00,42100,PE
72116,BANKNIFTY-Feb2024-42200-CE,2024-02-29 14:30:00,42200,CE
72117,BANKNIFTY-Feb2024-42200-PE,2024-02-29 14:30:00,42200,PE
72118,BANKNIFTY-Feb2024-42300-CE,2024-02-29 14:30:00,42300,CE
72119,BANKNIFTY-Feb2024-42300-PE,2024-02-29 14:30:00,42300,PE
72120,BANKNIFTY-Feb2024-42400-CE,2024-02-29 14:30:00,42400,CE
72121,BANKNIFTY-Feb2024-42400-PE,2024-02-29 14:30:00,42400,PE
72122,BANKNIFTY-Feb2024-42500-CE,2024-02-29 14:30:00,42500,CE
72125,BANKNIFTY-Feb2024-42500-PE,2024-02-29 14:30:00,42500,PE
72126,BANKNIFTY-Feb2024-42600-CE,2024-02-29 14:30:00,42600,CE
72127,BANKNIFTY-Feb2024-42600-PE,2024-02-29 14:30:00,42600,PE
72128,BANKNIFTY-Feb2024-42700-CE,2024-02-29 14:30:00,42700,CE
72146,BANKNIFTY-Feb2024-42700-PE,2024-02-29 14:30:00,42700,PE
72147,BANKNIFTY-Feb2024-42800-CE,2024-02-29 14:30:00,42800,CE
72148,BANKNIFTY-Feb2024-42800-PE,2024-02-29 14:30:00,42800,PE
72149,BANKNIFTY-Feb2024-42900-CE,2024-02-29 14:30:00,42900,CE
72151,BANKNIFTY-Feb2024-42900-PE,2024-02-29 14:30:00,42900,PE
72153,BANKNIFTY-Feb2024-43000-CE,2024-02-29 14:30:00,43000,CE
72154,BANKNIFTY-Feb2024-43000-PE,2024-02-29 14:30:00,43000,PE
72155,BANKNIFTY-Feb2024-43100-CE,2024-02-29 14:30:00,43100,CE
72156,BANKNIFTY-Feb2024-43100-PE,2024-02-29 14:30:00,43100,PE
72158,BANKNIFTY-Feb2024-43200-CE,2024-02-29 14:30:00,43200,CE
72159,BANKNIFTY-Feb2024-43200-PE,2024-02-29 14:30:00,43200,PE
72160,BANKNIFTY-Feb2024-43300-CE,2024-02-29 14:30:00,43300,CE
72161,BANKNIFTY-Feb2024-43300-PE,2024-02-29 14:30:00,43300,PE
72162,BANKNIFTY-Feb2024-43400-CE,2024-02-29 14:30:00,43400,CE
72163,BANKNIFTY-Feb2024-43400-PE,2024-02-29 14:30:00,43400,PE
72164,BANKNIFTY-Feb2024-43500-CE,2024-02-29 14:30:00,43500,CE
72165,BANKNIFTY-Feb2024-43500-PE,2024-02-29 14:30:00,43500,PE
72166,BANKNIFTY-Feb2024-43600-CE,2024-02-29 14:30:00,43600,CE
72167,BANKNIFTY-Feb2024-43600-PE,2024-02-29 14:30:00,43600,PE
72168,BANKNIFTY-Feb2024-43700-CE,2024-02-29 14:30:00,43700,CE
72169,BANKNIFTY-Feb2024-43700-PE,2024-02-29 14:30:00,43700,PE
72170,BANKNIFTY-Feb2024-43800-CE,2024-02-29 14:30:00,43800,CE
72171,BANKNIFTY-Feb2024-43800-PE,2024-02-29 14:30:00,43800,PE
72172,BANKNIFTY-Feb2024-43900-CE,2024-02-29 14:30:00,43900,CE
72173,BANKNIFTY-Feb2024-43900-PE,2024-02-29 14:30:00,43900,PE
72174,BANKNIFTY-Feb2024-44000-CE,2024-02-29 14:30:00,44000,CE
72175,BANKNIFTY-Feb2024-44000-PE,2024-02-29 14:30:00,44000,PE
72176,BANKNIFTY-Feb2024-44100-CE,2024-02-29 14:30:00,44100,CE
72177,BANKNIFTY-Feb2024-44100-PE,2024-02-29 14:30:00,44100,PE
72178,BANKNIFTY-Feb2024-44200-CE,2024-02-29 14:30:00,44200,CE
72179,BANKNIFTY-Feb2024-44200-PE,2024-02-29 14:30:00,44200,PE
72180,BANKNIFTY-Feb2024-44300-CE,2024-02-29 14:30:00,44300,CE
72181,BANKNIFTY-Feb2024-44300-PE,2024-02-29 14:30:00,44300,PE
72182,BANKNIFTY-Feb2024-44400-CE,2024-02-29 14:30:00,44400,CE
72183,BANKNIFTY-Feb2024-44400-PE,2024-02-29 14:30:00,44400,PE
72185,BANKNIFTY-Feb2024-44500-CE,2024-02-29 14:30:00,44500,CE
72186,BANKNIFTY-Feb2024-44500-PE,2024-02-29 14:30:00,44500,PE
72187,BANKNIFTY-Feb2024-44600-CE,2024-02-29 14:30:00,44600,CE
72188,BANKNIFTY-Feb2024-44600-PE,2024-02-29 14:30:00,44600,PE
72190,BANKNIFTY-Feb2024-44700-CE,2024-02-29 14:30:00,44700,CE
72191,BANKNIFTY-Feb2024-44700-PE,2024-02-29 14:30:00,44700,PE
72192,BANKNIFTY-Feb2024-44800-CE,2024-02-29 14:30:00,44800,CE
72193,BANKNIFTY-Feb2024-44800-PE,2024-02-29 14:30:00,44800,PE
72194,BANKNIFTY-Feb2024-44900-CE,2024-02-29 14:30:00,44900,CE
72195,BANKNIFTY-Feb2024-44900-PE,2024-02-29 14:30:00,44900,PE
72196,BANKNIFTY-Feb2024-45000-CE,2024-02-29 14:30:00,45000,CE
72197,BANKNIFTY-Feb2024-45000-PE,2024-02-29 14:30:00,45000,PE
72198,BANKNIFTY-Feb2024-45100-CE,2024-02-29 14:30:00,45100,CE
72200,BANKNIFTY-Feb2024-45100-PE,2024-02-29 14:30:00,45100,PE
72201,BANKNIFTY-Feb2024-45200-CE,2024-02-29 14:30:00,45200,CE
72204,BANKNIFTY-Feb2024-45200-PE,2024-02-29 14:30:00,45200,PE
72205,BANKNIFTY-Feb2024-45300-CE,2024-02-29 14:30:00,45300,CE
72210,BANKNIFTY-Feb2024-45300-PE,2024-02-29 14:30:00,45300,PE
72211,BANKNIFTY-Feb2024-45400-CE,2024-02-29 14:30:00,45400,CE
72212,BANKNIFTY-Feb2024-45400-PE,2024-02-29 14:30:00,45400,PE
72213,BANKNIFTY-Feb2024-45500-CE,2024-02-29 14:30:00,45500,CE
72214,BANKNIFTY-Feb2024-45500-PE,2024-02-29 14:30:00,45500,PE
72215,BANKNIFTY-Feb2024-45600-CE,2024-02-29 14:30:00,45600,CE
72216,BANKNIFTY-Feb2024-45600-PE,2024-02-29 14:30:00,45600,PE
72217,BANKNIFTY-Feb2024-45700-CE,2024-02-29 14:30:00,45700,CE
72218,BANKNIFTY-Feb2024-45700-PE,2024-02-29 14:30:00,45700,PE
72219,BANKNIFTY-Feb2024-45800-CE,2024-02-29 14:30:00,45800,CE
72220,BANKNIFTY-Feb2024-45800-PE,2024-02-29 14:30:00,45800,PE
72221,BANKNIFTY-Feb2024-45900-CE,2024-02-29 14:30:00,45900,CE
72222,BANKNIFTY-Feb2024-45900-PE,2024-02-29 14:30:00,45900,PE
72223,BANKNIFTY-Feb2024-46000-CE,2024-02-29 14:30:00,46000,CE
72224,BANKNIFTY-Feb2024-46000-PE,2024-02-29 14:30:00,46000,PE
72225,BANKNIFTY-Feb2024-46100-CE,2024-02-29 14:30:00,46100,CE
72226,BANKNIFTY-Feb2024-46100-PE,2024-02-29 14:30:00,46100,PE
72227,BANKNIFTY-Feb2024-46200-CE,2024-02-29 14:30:00,46200,CE
72231,BANKNIFTY-Feb2024-46200-PE,2024-02-29 14:30:00,46200,PE
72232,BANKNIFTY-Feb2024-46300-CE,2024-02-29 14:30:00,46300,CE
72233,BANKNIFTY-Feb2024-46300-PE,2024-02-29 14:30:00,46300,PE
72234,BANKNIFTY-Feb2024-46400-CE,2024-02-29 14:30:00,46400,CE
72235,BANKNIFTY-Feb2024-46400-PE,2024-02-29 14:30:00,46400,PE
72236,BANKNIFTY-Feb2024-46500-CE,2024-02-29 14:30:00,46500,CE
72237,BANKNIFTY-Feb2024-46500-PE,2024-02-29 14:30:00,46500,PE
72238,BANKNIFTY-Feb2024-46600-CE,2024-02-29 14:30:00,46600,CE
72239,BANKNIFTY-Feb2024-46600-PE,2024-02-29 14:30:00,46600,PE
72240,BANKNIFTY-Feb2024-46700-CE,2024-02-29 14:30:00,46700,CE
72241,BANKNIFTY-Feb2024-46700-PE,2024-02-29 14:30:00,46700,PE
72242,BANKNIFTY-Feb2024-46800-CE,2024-02-29 14:30:00,46800,CE
72243,BANKNIFTY-Feb2024-46800-PE,2024-02-29 14:30:00,46800,PE
72244,BANKNIFTY-Feb2024-46900-CE,2024-02-29 14:30:00,46900,CE
72245,BANKNIFTY-Feb2024-46900-PE,2024-02-29 14:30:00,46900,PE
72246,BANKNIFTY-Feb2024-47000-CE,2024-02-29 14:30:00,47000,CE
72247,BANKNIFTY-Feb2024-47000-PE,2024-02-29 14:30:00,47000,PE
72248,BANKNIFTY-Feb2024-47100-CE,2024-02-29 14:30:00,47100,CE
72249,BANKNIFTY-Feb2024-47100-PE,2024-02-29 14:30:00,47100,PE
72250,BANKNIFTY-Feb2024-47200-CE,2024-02-29 14:30:00,47200,CE
72251,BANKNIFTY-Feb2024-47200-PE,2024-02-29 14:30:00,47200,PE
72252,BANKNIFTY-Feb2024-47300-CE,2024-02-29 14:30:00,47300,CE
72253,BANKNIFTY-Feb2024-47300-PE,2024-02-29 14:30:00,47300,PE
72254,BANKNIFTY-Feb2024-47400-CE,2024-02-29 14:30:00,47400,CE
72255,BANKNIFTY-Feb2024-47400-PE,2024-02-29 14:30:00,47400,PE
72256,BANKNIFTY-Feb2024-47500-CE,2024-02-29 14:30:00,47500,CE
72257,BANKNIFTY-Feb2024-47500-PE,2024-02-29 14:30:00,47500,PE
72258,BANKNIFTY-Feb2024-47600-CE,2024-02-29 14:30:00,47600,CE
72259,BANKNIFTY-Feb2024-47600-PE,2024-02-29 14:30:00,47600,PE
72260,BANKNIFTY-Feb2024-47700-CE,2024-02-29 14:30:00,47700,CE
72261,BANKNIFTY-Feb2024-47700-PE,2024-02-29 14:30:00,47700,PE
72262,BANKNIFTY-Feb2024-47800-CE,2024-02-29 14:30:00,47800,CE
72263,BANKNIFTY-Feb2024-47800-PE,2024-02-29 14:30:00,47800,PE
72264,BANKNIFTY-Feb2024-47900-CE,2024-02-29 14:30:00,47900,CE
72265,BANKNIFTY-Feb2024-47900-PE,2024-02-29 14:30:00,47900,PE
72266,BANKNIFTY-Feb2024-48000-CE,2024-02-29 14:30:00,48000,CE
72267,BANKNIFTY-Feb2024-48000-PE,2024-02-29 14:30:00,48000,PE
72268,BANKNIFTY-Feb2024-48100-CE,2024-02-29 14:30:00,48100,CE
72269,BANKNIFTY-Feb2024-48100-PE,2024-02-29 14:30:00,48100,PE
72270,BANKNIFTY-Feb2024-48200-CE,2024-02-29 14:30:00,48200,CE
72271,BANKNIFTY-Feb2024-48200-PE,2024-02-29 14:30:00,48200,PE
72272,BANKNIFTY-Feb2024-48300-CE,2024-02-29 14:30:00,48300,CE
72273,BANKNIFTY-Feb2024-48300-PE,2024-02-29 14:30:00,48300,PE
72274,BANKNIFTY-Feb2024-48400-CE,2024-02-29 14:30:00,48400,CE
72275,BANKNIFTY-Feb2024-48400-PE,2024-02-29 14:30:00,48400,PE
72276,BANKNIFTY-Feb2024-48500-CE,2024-02-29 14:30:00,48500,CE
72277,BANKNIFTY-Feb2024-48500-PE,2024-02-29 14:30:00,48500,PE
72278,BANKNIFTY-Feb2024-48600-CE,2024-02-29 14:30:00,48600,CE
72279,BANKNIFTY-Feb2024-48600-PE,2024-02-29 14:30:00,48600,PE
72280,BANKNIFTY-Feb2024-48700-CE,2024-02-29 14:30:00,48700,CE
72281,BANKNIFTY-Feb2024-48700-PE,2024-02-29 14:30:00,48700,PE
72282,BANKNIFTY-Feb2024-48800-CE,2024-02-29 14:30:00,48800,CE
72283,BANKNIFTY-Feb2024-48800-PE,2024-02-29 14:30:00,48800,PE
72284,BANKNIFTY-Feb2024-48900-CE,2024-02-29 14:30:00,48900,CE
72285,BANKNIFTY-Feb2024-48900-PE,2024-02-29 14:30:00,48900,PE
72286,BANKNIFTY-Feb2024-49000-CE,2024-02-29 14:30:00,49000,CE
72287,BANKNIFTY-Feb2024-49000-PE,2024-02-29 14:30:00,49000,PE
72288,BANKNIFTY-Feb2024-49100-CE,2024-02-29 14:30:00,49100,CE
72289,BANKNIFTY-Feb2024-49100-PE,2024-02-29 14:30:00,49100,PE
72290,BANKNIFTY-Feb2024-49200-CE,2024-02-29 14:30:00,49200,CE
72291,BANKNIFTY-Feb2024-49200-PE,2024-02-29 14:30:00,49200,PE
72292,BANKNIFTY-Feb2024-49300-CE,2024-02-29 14:30:00,49300,CE
72293,BANKNIFTY-Feb2024-49300-PE,2024-02-29 14:30:00,49300,PE
72294,BANKNIFTY-Feb2024-49400-CE,2024-02-29 14:30:00,49400,CE
72295,BANKNIFTY-Feb2024-49400-PE,2024-02-29 14:30:00,49400,PE
72296,BANKNIFTY-Feb2024-49500-CE,2024-02-29 14:30:00,49500,CE
72297,BANKNIFTY-Feb2024-49500-PE,2024-02-29 14:30:00,49500,PE
72298,BANKNIFTY-Feb2024-50000-CE,2024-02-29 14:30:00,50000,CE
72299,BANKNIFTY-Feb2024-50000-PE,2024-02-29 14:30:00,50000,PE
72300,BANKNIFTY-Feb2024-50500-CE,2024-02-29 14:30:00,50500,CE
72301,BANKNIFTY-Feb2024-50500-PE,2024-02-29 14:30:00,50500,PE
72302,BANKNIFTY-Feb2024-51000-CE,2024-02-29 14:30:00,51000,CE
72303,BANKNIFTY-Feb2024-51000-PE,2024-02-29 14:30:00,51000,PE
72304,BANKNIFTY-Feb2024-51500-CE,2024-02-29 14:30:00,51500,CE
72305,BANKNIFTY-Feb2024-51500-PE,2024-02-29 14:30:00,51500,PE
72306,BANKNIFTY-Feb2024-52000-CE,2024-02-29 14:30:00,52000,CE
72307,BANKNIFTY-Feb2024-52000-PE,2024-02-29 14:30:00,52000,PE
72308,BANKNIFTY-Feb2024-52500-CE,2024-02-29 14:30:00,52500,CE
72309,BANKNIFTY-Feb2024-52500-PE,2024-02-29 14:30:00,52500,PE
72310,BANKNIFTY-Feb2024-53000-CE,2024-02-29 14:30:00,53000,CE
72311,BANKNIFTY-Feb2024-53000-PE,2024-02-29 14:30:00,53000,PE
72312,BANKNIFTY-Feb2024-53500-CE,2024-02-29 14:30:00,53500,CE
72313,BANKNIFTY-Feb2024-53500-PE,2024-02-29 14:30:00,53500,PE
72314,BANKNIFTY-Feb2024-54000-CE,2024-02-29 14:30:00,54000,CE
72315,BANKNIFTY-Feb2024-54000-PE,2024-02-29 14:30:00,54000,PE
72318,BANKNIFTY-Feb2024-54500-CE,2024-02-29 14:30:00,54500,CE
72319,BANKNIFTY-Feb2024-54500-PE,2024-02-29 14:30:00,54500,PE
72320,BANKNIFTY-Feb2024-55000-CE,2024-02-29 14:30:00,55000,CE
72321,BANKNIFTY-Feb2024-55000-PE,2024-02-29 14:30:00,55000,PE
72322,BANKNIFTY-Feb2024-55500-CE,2024-02-29 14:30:00,55500,CE
72323,BANKNIFTY-Feb2024-55500-PE,2024-02-29 14:30:00,55500,PE
72324,BANKNIFTY-Feb2024-56000-CE,2024-02-29 14:30:00,56000,CE
72325,BANKNIFTY-Feb2024-56000-PE,2024-02-29 14:30:00,56000,PE
72338,BANKNIFTY-Feb2024-56500-CE,2024-02-29 14:30:00,56500,CE
72339,BANKNIFTY-Feb2024-56500-PE,2024-02-29 14:30:00,56500,PE
72428,NIFTY-Feb2024-17150-CE,2024-02-29 14:30:00,17150,CE
72429,NIFTY-Feb2024-17150-PE,2024-02-29 14:30:00,17150,PE
72430,NIFTY-Feb2024-17200-CE,2024-02-29 14:30:00,17200,CE
72433,NIFTY-Feb2024-17200-PE,2024-02-29 14:30:00,17200,PE
72434,NIFTY-Feb2024-17250-CE,2024-02-29 14:30:00,17250,CE
72435,NIFTY-Feb2024-17250-PE,2024-02-29 14:30:00,17250,PE
72436,NIFTY-Feb2024-17300-CE,2024-02-29 14:30:00,17300,CE
72437,NIFTY-Feb2024-17300-PE,2024-02-29 14:30:00,17300,PE
72438,NIFTY-Feb2024-17350-CE,2024-02-29 14:30:00,17350,CE
72439,NIFTY-Feb2024-17350-PE,2024-02-29 14:30:00,17350,PE
72440,NIFTY-Feb2024-17400-CE,2024-02-29 14:30:00,17400,CE
72441,NIFTY-Feb2024-17400-PE,2024-02-29 14:30:00,17400,PE
72442,NIFTY-Feb2024-17450-CE,2024-02-29 14:30:00,17450,CE
72443,NIFTY-Feb2024-17450-PE,2024-02-29 14:30:00,17450,PE
72444,NIFTY-Feb2024-17500-CE,2024-02-29 14:30:00,17500,CE
72445,NIFTY-Feb2024-17500-PE,2024-02-29 14:30:00,17500,PE
72446,NIFTY-Feb2024-17550-CE,2024-02-29 14:30:00,17550,CE
72447,NIFTY-Feb2024-17550-PE,2024-02-29 14:30:00,17550,PE
72448,NIFTY-Feb2024-17600-CE,2024-02-29 14:30:00,17600,CE
72449,NIFTY-Feb2024-17600-PE,2024-02-29 14:30:00,17600,PE
72450,NIFTY-Feb2024-17650-CE,2024-02-29 14:30:00,17650,CE
72451,NIFTY-Feb2024-17650-PE,2024-02-29 14:30:00,17650,PE
72452,NIFTY-Feb2024-17700-CE,2024-02-29 14:30:00,17700,CE
72453,NIFTY-Feb2024-17700-PE,2024-02-29 14:30:00,17700,PE
72454,NIFTY-Feb2024-17750-CE,2024-02-29 14:30:00,17750,CE
72455,NIFTY-Feb2024-17750-PE,2024-02-29 14:30:00,17750,PE
72456,NIFTY-Feb2024-17800-CE,2024-02-29 14:30:00,17800,CE
72457,NIFTY-Feb2024-17800-PE,2024-02-29 14:30:00,17800,PE
72458,NIFTY-Feb2024-17850-CE,2024-02-29 14:30:00,17850,CE
72459,NIFTY-Feb2024-17850-PE,2024-02-29 14:30:00,17850,PE
72460,NIFTY-Feb2024-17900-CE,2024-02-29 14:30:00,17900,CE
72461,NIFTY-Feb2024-17900-PE,2024-02-29 14:30:00,17900,PE
72462,NIFTY-Feb2024-17950-CE,2024-02-29 14:30:00,17950,CE
72463,NIFTY-Feb2024-17950-PE,2024-02-29 14:30:00,17950,PE
72464,NIFTY-Feb2024-18000-CE,2024-02-29 14:30:00,18000,CE
72465,NIFTY-Feb2024-18000-PE,2024-02-29 14:30:00,18000,PE
72466,NIFTY-Feb2024-18050-CE,2024-02-29 14:30:00,18050,CE
72467,NIFTY-Feb2024-18050-PE,2024-02-29 14:30:00,18050,PE
72468,NIFTY-Feb2024-18100-CE,2024-02-29 14:30:00,18100,CE
72469,NIFTY-Feb2024-18100-PE,2024-02-29 14:30:00,18100,PE
72492,NIFTY-Feb2024-18150-CE,2024-02-29 14:30:00,18150,CE
72493,NIFTY-Feb2024-18150-PE,2024-02-29 14:30:00,18150,PE
72494,NIFTY-Feb2024-18200-CE,2024-02-29 14:30:00,18200,CE
72495,NIFTY-Feb2024-18200-PE,2024-02-29 14:30:00,18200,PE
72501,NIFTY-Feb2024-18250-CE,2024-02-29 14:30:00,18250,CE
72502,NIFTY-Feb2024-18250-PE,2024-02-29 14:30:00,18250,PE
72503,NIFTY-Feb2024-18300-CE,2024-02-29 14:30:00,18300,CE
72504,NIFTY-Feb2024-18300-PE,2024-02-29 14:30:00,18300,PE
72509,NIFTY-Feb2024-18350-CE,2024-02-29 14:30:00,18350,CE
72510,NIFTY-Feb2024-18350-PE,2024-02-29 14:30:00,18350,PE
72511,NIFTY-Feb2024-18400-CE,2024-02-29 14:30:00,18400,CE
72512,NIFTY-Feb2024-18400-PE,2024-02-29 14:30:00,18400,PE
72548,NIFTY-Feb2024-18450-CE,2024-02-29 14:30:00,18450,CE
72549,NIFTY-Feb2024-18450-PE,2024-02-29 14:30:00,18450,PE
72582,NIFTY-Feb2024-18500-CE,2024-02-29 14:30:00,18500,CE
72583,NIFTY-Feb2024-18500-PE,2024-02-29 14:30:00,18500,PE
72584,NIFTY-Feb2024-18550-CE,2024-02-29 14:30:00,18550,CE
72585,NIFTY-Feb2024-18550-PE,2024-02-29 14:30:00,18550,PE
72604,NIFTY-Feb2024-18600-CE,2024-02-29 14:30:00,18600,CE
72605,NIFTY-Feb2024-18600-PE,2024-02-29 14:30:00,18600,PE
72606,NIFTY-Feb2024-18650-CE,2024-02-29 14:30:00,18650,CE
72607,NIFTY-Feb2024-18650-PE,2024-02-29 14:30:00,18650,PE
72616,NIFTY-Feb2024-18700-CE,2024-02-29 14:30:00,18700,CE
72617,NIFTY-Feb2024-18700-PE,2024-02-29 14:30:00,18700,PE
72618,NIFTY-Feb2024-18750-CE,2024-02-29 14:30:00,18750,CE
72619,NIFTY-Feb2024-18750-PE,2024-02-29 14:30:00,18750,PE
72620,NIFTY-Feb2024-18800-CE,2024-02-29 14:30:00,18800,CE
72635,NIFTY-Feb2024-18800-PE,2024-02-29 14:30:00,18800,PE
72660,NIFTY-Feb2024-18850-CE,2024-02-29 14:30:00,18850,CE
72661,NIFTY-Feb2024-18850-PE,2024-02-29 14:30:00,18850,PE
72662,NIFTY-Feb2024-18900-CE,2024-02-29 14:30:00,18900,CE
72663,NIFTY-Feb2024-18900-PE,2024-02-29 14:30:00,18900,PE
72664,NIFTY-Feb2024-18950-CE,2024-02-29 14:30:00,18950,CE
72665,NIFTY-Feb2024-18950-PE,2024-02-29 14:30:00,18950,PE
72668,NIFTY-Feb2024-19000-CE,2024-02-29 14:30:00,19000,CE
72669,NIFTY-Feb2024-19000-PE,2024-02-29 14:30:00,19000,PE
72672,NIFTY-Feb2024-19050-CE,2024-02-29 14:30:00,19050,CE
72673,NIFTY-Feb2024-19050-PE,2024-02-29 14:30:00,19050,PE
72699,NIFTY-Feb2024-19100-CE,2024-02-29 14:30:00,19100,CE
72700,NIFTY-Feb2024-19100-PE,2024-02-29 14:30:00,19100,PE
72716,NIFTY-Feb2024-19150-CE,2024-02-29 14:30:00,19150,CE
72717,NIFTY-Feb2024-19150-PE,2024-02-29 14:30:00,19150,PE
72718,NIFTY-Feb2024-19200-CE,2024-02-29 14:30:00,19200,CE
72719,NIFTY-Feb2024-19200-PE,2024-02-29 14:30:00,19200,PE
72720,NIFTY-Feb2024-19250-CE,2024-02-29 14:30:00,19250,CE
72721,NIFTY-Feb2024-19250-PE,2024-02-29 14:30:00,19250,PE
72746,NIFTY-Feb2024-19300-CE,2024-02-29 14:30:00,19300,CE
72747,NIFTY-Feb2024-19300-PE,2024-02-29 14:30:00,19300,PE
72752,NIFTY-Feb2024-19350-CE,2024-02-29 14:30:00,19350,CE
72753,NIFTY-Feb2024-19350-PE,2024-02-29 14:30:00,19350,PE
72757,NIFTY-Feb2024-19400-CE,2024-02-29 14:30:00,19400,CE
72758,NIFTY-Feb2024-19400-PE,2024-02-29 14:30:00,19400,PE
72759,NIFTY-Feb2024-19450-CE,2024-02-29 14:30:00,19450,CE
72760,NIFTY-Feb2024-19450-PE,2024-02-29 14:30:00,19450,PE
72761,NIFTY-Feb2024-19500-CE,2024-02-29 14:30:00,19500,CE
72762,NIFTY-Feb2024-19500-PE,2024-02-29 14:30:00,19500,PE
72763,NIFTY-Feb2024-19550-CE,2024-02-29 14:30:00,19550,CE
72770,NIFTY-Feb2024-19550-PE,2024-02-29 14:30:00,19550,PE
72771,NIFTY-Feb2024-19600-CE,2024-02-29 14:30:00,19600,CE
72772,NIFTY-Feb2024-19600-PE,2024-02-29 14:30:00,19600,PE
72773,NIFTY-Feb2024-19650-CE,2024-02-29 14:30:00,19650,CE
72774,NIFTY-Feb2024-19650-PE,2024-02-29 14:30:00,19650,PE
72775,NIFTY-Feb2024-19700-CE,2024-02-29 14:30:00,19700,CE
72776,NIFTY-Feb2024-19700-PE,2024-02-29 14:30:00,19700,PE
72777,NIFTY-Feb2024-19750-CE,2024-02-29 14:30:00,19750,CE
72780,NIFTY-Feb2024-19750-PE,2024-02-29 14:30:00,19750,PE
72781,NIFTY-Feb2024-19800-CE,2024-02-29 14:30:00,19800,CE
72782,NIFTY-Feb2024-19800-PE,2024-02-29 14:30:00,19800,PE
72783,NIFTY-Feb2024-19850-CE,2024-02-29 14:30:00,19850,CE
72784,NIFTY-Feb2024-19850-PE,2024-02-29 14:30:00,19850,PE
72785,NIFTY-Feb2024-19900-CE,2024-02-29 14:30:00,19900,CE
72786,NIFTY-Feb2024-19900-PE,2024-02-29 14:30:00,19900,PE
72787,NIFTY-Feb2024-19950-CE,2024-02-29 14:30:00,19950,CE
72788,NIFTY-Feb2024-19950-PE,2024-02-29 14:30:00,19950,PE
72789,NIFTY-Feb2024-20000-CE,2024-02-29 14:30:00,20000,CE
72790,NIFTY-Feb2024-20000-PE,2024-02-29 14:30:00,20000,PE
72791,NIFTY-Feb2024-20050-CE,2024-02-29 14:30:00,20050,CE
72796,NIFTY-Feb2024-20050-PE,2024-02-29 14:30:00,20050,PE
72797,NIFTY-Feb2024-20100-CE,2024-02-29 14:30:00,20100,CE
72798,NIFTY-Feb2024-20100-PE,2024-02-29 14:30:00,20100,PE
72799,NIFTY-Feb2024-20150-CE,2024-02-29 14:30:00,20150,CE
72800,NIFTY-Feb2024-20150-PE,2024-02-29 14:30:00,20150,PE
72801,NIFTY-Feb2024-20200-CE,2024-02-29 14:30:00,20200,CE
72802,NIFTY-Feb2024-20200-PE,2024-02-29 14:30:00,20200,PE
72803,NIFTY-Feb2024-20250-CE,2024-02-29 14:30:00,20250,CE
72808,NIFTY-Feb2024-20250-PE,2024-02-29 14:30:00,20250,PE
72809,NIFTY-Feb2024-20300-CE,2024-02-29 14:30:00,20300,CE
72810,NIFTY-Feb2024-20300-PE,2024-02-29 14:30:00,20300,PE
72813,NIFTY-Feb2024-20350-CE,2024-02-29 14:30:00,20350,CE
72814,NIFTY-Feb2024-20350-PE,2024-02-29 14:30:00,20350,PE
72816,NIFTY-Feb2024-20400-CE,2024-02-29 14:30:00,20400,CE
72817,NIFTY-Feb2024-20400-PE,2024-02-29 14:30:00,20400,PE
72820,NIFTY-Feb2024-20450-CE,2024-02-29 14:30:00,20450,CE
72823,NIFTY-Feb2024-20450-PE,2024-02-29 14:30:00,20450,PE
72824,NIFTY-Feb2024-20500-CE,2024-02-29 14:30:00,20500,CE
72825,NIFTY-Feb2024-20500-PE,2024-02-29 14:30:00,20500,PE
72826,NIFTY-Feb2024-20550-CE,2024-02-29 14:30:00,20550,CE
72827,NIFTY-Feb2024-20550-PE,2024-02-29 14:30:00,20550,PE
72828,NIFTY-Feb2024-20600-CE,2024-02-29 14:30:00,20600,CE
72833,NIFTY-Feb2024-20600-PE,2024-02-29 14:30:00,20600,PE
72834,NIFTY-Feb2024-20650-CE,2024-02-29 14:30:00,20650,CE
72835,NIFTY-Feb2024-20650-PE,2024-02-29 14:30:00,20650,PE
72836,NIFTY-Feb2024-20700-CE,2024-02-29 14:30:00,20700,CE
72844,NIFTY-Feb2024-20700-PE,2024-02-29 14:30:00,20700,PE
72845,NIFTY-Feb2024-20750-CE,2024-02-29 14:30:00,20750,CE
72846,NIFTY-Feb2024-20750-PE,2024-02-29 14:30:00,20750,PE
72847,NIFTY-Feb2024-20800-CE,2024-02-29 14:30:00,20800,CE
72848,NIFTY-Feb2024-20800-PE,2024-02-29 14:30:00,20800,PE
72849,NIFTY-Feb2024-20850-CE,2024-02-29 14:30:00,20850,CE
72850,NIFTY-Feb2024-20850-PE,2024-02-29 14:30:00,20850,PE
72852,NIFTY-Feb2024-20900-CE,2024-02-29 14:30:00,20900,CE
72853,NIFTY-Feb2024-20900-PE,2024-02-29 14:30:00,20900,PE
72854,NIFTY-Feb2024-20950-CE,2024-02-29 14:30:00,20950,CE
72855,NIFTY-Feb2024-20950-PE,2024-02-29 14:30:00,20950,PE
72856,NIFTY-Feb2024-21000-CE,2024-02-29 14:30:00,21000,CE
72857,NIFTY-Feb2024-21000-PE,2024-02-29 14:30:00,21000,PE
72858,NIFTY-Feb2024-21050-CE,2024-02-29 14:30:00,21050,CE
72871,NIFTY-Feb2024-21050-PE,2024-02-29 14:30:00,21050,PE
72872,NIFTY-Feb2024-21100-CE,2024-02-29 14:30:00,21100,CE
72873,NIFTY-Feb2024-21100-PE,2024-02-29 14:30:00,21100,PE
72874,NIFTY-Feb2024-21150-CE,2024-02-29 14:30:00,21150,CE
72875,NIFTY-Feb2024-21150-PE,2024-02-29 14:30:00,21150,PE
72876,NIFTY-Feb2024-21200-CE,2024-02-29 14:30:00,21200,CE
72877,NIFTY-Feb2024-21200-PE,2024-02-29 14:30:00,21200,PE
72878,NIFTY-Feb2024-21250-CE,2024-02-29 14:30:00,21250,CE
72879,NIFTY-Feb2024-21250-PE,2024-02-29 14:30:00,21250,PE
72880,NIFTY-Feb2024-21300-CE,2024-02-29 14:30:00,21300,CE
72881,NIFTY-Feb2024-21300-PE,2024-02-29 14:30:00,21300,PE
72882,NIFTY-Feb2024-21350-CE,2024-02-29 14:30:00,21350,CE
72883,NIFTY-Feb2024-21350-PE,2024-02-29 14:30:00,21350,PE
72884,NIFTY-Feb2024-21400-CE,2024-02-29 14:30:00,21400,CE
72887,NIFTY-Feb2024-21400-PE,2024-02-29 14:30:00,21400,PE
72888,NIFTY-Feb2024-21450-CE,2024-02-29 14:30:00,21450,CE
72889,NIFTY-Feb2024-21450-PE,2024-02-29 14:30:00,21450,PE
72890,NIFTY-Feb2024-21500-CE,2024-02-29 14:30:00,21500,CE
72893,NIFTY-Feb2024-21500-PE,2024-02-29 14:30:00,21500,PE
72894,NIFTY-Feb2024-21550-CE,2024-02-29 14:30:00,21550,CE
72895,NIFTY-Feb2024-21550-PE,2024-02-29 14:30:00,21550,PE
72896,NIFTY-Feb2024-21600-CE,2024-02-29 14:30:00,21600,CE
72897,NIFTY-Feb2024-21600-PE,2024-02-29 14:30:00,21600,PE
72898,NIFTY-Feb2024-21650-CE,2024-02-29 14:30:00,21650,CE
72899,NIFTY-Feb2024-21650-PE,2024-02-29 14:30:00,21650,PE
72900,NIFTY-Feb2024-21700-CE,2024-02-29 14:30:00,21700,CE
72901,NIFTY-Feb2024-21700-PE,2024-02-29 14:30:00,21700,PE
72902,NIFTY-Feb2024-21750-CE,2024-02-29 14:30:00,21750,CE
72903,NIFTY-Feb2024-21750-PE,2024-02-29 14:30:00,21750,PE
72904,NIFTY-Feb2024-21800-CE,2024-02-29 14:30:00,21800,CE
72905,NIFTY-Feb2024-21800-PE,2024-02-29 14:30:00,21800,PE
72906,NIFTY-Feb2024-21850-CE,2024-02-29 14:30:00,21850,CE
72907,NIFTY-Feb2024-21850-PE,2024-02-29 14:30:00,21850,PE
72908,NIFTY-Feb2024-21900-CE,2024-02-29 14:30:00,21900,CE
72909,NIFTY-Feb2024-21900-PE,2024-02-29 14:30:00,21900,PE
72910,NIFTY-Feb2024-21950-CE,2024-02-29 14:30:00,21950,CE
72911,NIFTY-Feb2024-21950-PE,2024-02-29 14:30:00,21950,PE
72912,NIFTY-Feb2024-22000-CE,2024-02-29 14:30:00,22000,CE
72913,NIFTY-Feb2024-22000-PE,2024-02-29 14:30:00,22000,PE
72914,NIFTY-Feb2024-22050-CE,2024-02-29 14:30:00,22050,CE
72915,NIFTY-Feb2024-22050-PE,2024-02-29 14:30:00,22050,PE
72916,NIFTY-Feb2024-22100-CE,2024-02-29 14:30:00,22100,CE
72917,NIFTY-Feb2024-22100-PE,2024-02-29 14:30:00,22100,PE
72918,NIFTY-Feb2024-22150-CE,2024-02-29 14:30:00,22150,CE
72919,NIFTY-Feb2024-22150-PE,2024-02-29 14:30:00,22150,PE
72920,NIFTY-Feb2024-22200-CE,2024-02-29 14:30:00,22200,CE
72921,NIFTY-Feb2024-22200-PE,2024-02-29 14:30:00,22200,PE
72922,NIFTY-Feb2024-22250-CE,2024-02-29 14:30:00,22250,CE
72923,NIFTY-Feb2024-22250-PE,2024-02-29 14:30:00,22250,PE
72924,NIFTY-Feb2024-22300-CE,2024-02-29 14:30:00,22300,CE
72925,NIFTY-Feb2024-22300-PE,2024-02-29 14:30:00,22300,PE
72926,NIFTY-Feb2024-22350-CE,2024-02-29 14:30:00,22350,CE
72927,NIFTY-Feb2024-22350-PE,2024-02-29 14:30:00,22350,PE
72928,NIFTY-Feb2024-22400-CE,2024-02-29 14:30:00,22400,CE
72929,NIFTY-Feb2024-22400-PE,2024-02-29 14:30:00,22400,PE
72930,NIFTY-Feb2024-22450-CE,2024-02-29 14:30:00,22450,CE
72931,NIFTY-Feb2024-22450-PE,2024-02-29 14:30:00,22450,PE
72932,NIFTY-Feb2024-22500-CE,2024-02-29 14:30:00,22500,CE
72933,NIFTY-Feb2024-22500-PE,2024-02-29 14:30:00,22500,PE
72934,NIFTY-Feb2024-22550-CE,2024-02-29 14:30:00,22550,CE
72935,NIFTY-Feb2024-22550-PE,2024-02-29 14:30:00,22550,PE
72936,NIFTY-Feb2024-22600-CE,2024-02-29 14:30:00,22600,CE
72939,NIFTY-Feb2024-22600-PE,2024-02-29 14:30:00,22600,PE
72940,NIFTY-Feb2024-22650-CE,2024-02-29 14:30:00,22650,CE
72941,NIFTY-Feb2024-22650-PE,2024-02-29 14:30:00,22650,PE
72942,NIFTY-Feb2024-22700-CE,2024-02-29 14:30:00,22700,CE
72943,NIFTY-Feb2024-22700-PE,2024-02-29 14:30:00,22700,PE
72944,NIFTY-Feb2024-22750-CE,2024-02-29 14:30:00,22750,CE
72945,NIFTY-Feb2024-22750-PE,2024-02-29 14:30:00,22750,PE
72946,NIFTY-Feb2024-22800-CE,2024-02-29 14:30:00,22800,CE
72949,NIFTY-Feb2024-22800-PE,2024-02-29 14:30:00,22800,PE
72950,NIFTY-Feb2024-22850-CE,2024-02-29 14:30:00,22850,CE
72951,NIFTY-Feb2024-22850-PE,2024-02-29 14:30:00,22850,PE
72952,NIFTY-Feb2024-22900-CE,2024-02-29 14:30:00,22900,CE
72953,NIFTY-Feb2024-22900-PE,2024-02-29 14:30:00,22900,PE
72954,NIFTY-Feb2024-22950-CE,2024-02-29 14:30:00,22950,CE
72955,NIFTY-Feb2024-22950-PE,2024-02-29 14:30:00,22950,PE
72956,NIFTY-Feb2024-23000-CE,2024-02-29 14:30:00,23000,CE
72957,NIFTY-Feb2024-23000-PE,2024-02-29 14:30:00,23000,PE
72958,NIFTY-Feb2024-23050-CE,2024-02-29 14:30:00,23050,CE
72959,NIFTY-Feb2024-23050-PE,2024-02-29 14:30:00,23050,PE
72960,NIFTY-Feb2024-23100-CE,2024-02-29 14:30:00,23100,CE
72961,NIFTY-Feb2024-23100-PE,2024-02-29 14:30:00,23100,PE
72962,NIFTY-Feb2024-23150-CE,2024-02-29 14:30:00,23150,CE
72963,NIFTY-Feb2024-23150-PE,2024-02-29 14:30:00,23150,PE
